<annotation>
	<folder>Ahmed</folder>
	<filename>img193 res.jpg</filename>
	<path>C:/Users/Dell/Desktop/Ahmed/img193 res.jpg</path>
	<source>
		<database>Unknown</database>
	</source>
	<size>
		<width>320</width>
		<height>240</height>
		<depth>3</depth>
	</size>
	<segmented>0</segmented>
	<object>
		<name>ball</name>
		<pose>Unspecified</pose>
		<truncated>0</truncated>
		<difficult>0</difficult>
		<bndbox>
			<xmin>153</xmin>
			<ymin>17</ymin>
			<xmax>188</xmax>
			<ymax>41</ymax>
		</bndbox>
	</object>
	<object>
		<name>player</name>
		<pose>Unspecified</pose>
		<truncated>0</truncated>
		<difficult>0</difficult>
		<bndbox>
			<xmin>103</xmin>
			<ymin>54</ymin>
			<xmax>194</xmax>
			<ymax>235</ymax>
		</bndbox>
	</object>
</annotation>
