<annotation>
	<folder>Ahmed</folder>
	<filename>img123 res.jpg</filename>
	<path>C:/Users/Dell/Desktop/Ahmed/img123 res.jpg</path>
	<source>
		<database>Unknown</database>
	</source>
	<size>
		<width>320</width>
		<height>240</height>
		<depth>3</depth>
	</size>
	<segmented>0</segmented>
	<object>
		<name>ball</name>
		<pose>Unspecified</pose>
		<truncated>0</truncated>
		<difficult>0</difficult>
		<bndbox>
			<xmin>123</xmin>
			<ymin>24</ymin>
			<xmax>188</xmax>
			<ymax>64</ymax>
		</bndbox>
	</object>
	<object>
		<name>player</name>
		<pose>Unspecified</pose>
		<truncated>0</truncated>
		<difficult>0</difficult>
		<bndbox>
			<xmin>82</xmin>
			<ymin>47</ymin>
			<xmax>189</xmax>
			<ymax>236</ymax>
		</bndbox>
	</object>
</annotation>
