<annotation>
	<folder>Ahmed</folder>
	<filename>img124 res.jpg</filename>
	<path>C:/Users/Dell/Desktop/Ahmed/img124 res.jpg</path>
	<source>
		<database>Unknown</database>
	</source>
	<size>
		<width>320</width>
		<height>240</height>
		<depth>3</depth>
	</size>
	<segmented>0</segmented>
	<object>
		<name>ball</name>
		<pose>Unspecified</pose>
		<truncated>0</truncated>
		<difficult>0</difficult>
		<bndbox>
			<xmin>44</xmin>
			<ymin>4</ymin>
			<xmax>97</xmax>
			<ymax>42</ymax>
		</bndbox>
	</object>
	<object>
		<name>player</name>
		<pose>Unspecified</pose>
		<truncated>0</truncated>
		<difficult>0</difficult>
		<bndbox>
			<xmin>52</xmin>
			<ymin>47</ymin>
			<xmax>148</xmax>
			<ymax>233</ymax>
		</bndbox>
	</object>
	<object>
		<name>player</name>
		<pose>Unspecified</pose>
		<truncated>0</truncated>
		<difficult>0</difficult>
		<bndbox>
			<xmin>192</xmin>
			<ymin>93</ymin>
			<xmax>280</xmax>
			<ymax>235</ymax>
		</bndbox>
	</object>
</annotation>
