<annotation>
	<folder>Ahmed</folder>
	<filename>img115 res.jpg</filename>
	<path>C:/Users/Dell/Desktop/Ahmed/img115 res.jpg</path>
	<source>
		<database>Unknown</database>
	</source>
	<size>
		<width>320</width>
		<height>240</height>
		<depth>3</depth>
	</size>
	<segmented>0</segmented>
	<object>
		<name>ball</name>
		<pose>Unspecified</pose>
		<truncated>0</truncated>
		<difficult>0</difficult>
		<bndbox>
			<xmin>207</xmin>
			<ymin>26</ymin>
			<xmax>250</xmax>
			<ymax>81</ymax>
		</bndbox>
	</object>
	<object>
		<name>player</name>
		<pose>Unspecified</pose>
		<truncated>0</truncated>
		<difficult>0</difficult>
		<bndbox>
			<xmin>56</xmin>
			<ymin>81</ymin>
			<xmax>129</xmax>
			<ymax>236</ymax>
		</bndbox>
	</object>
</annotation>
