<annotation>
	<folder>Ahmed</folder>
	<filename>img119 res.jpg</filename>
	<path>C:/Users/Dell/Desktop/Ahmed/img119 res.jpg</path>
	<source>
		<database>Unknown</database>
	</source>
	<size>
		<width>320</width>
		<height>240</height>
		<depth>3</depth>
	</size>
	<segmented>0</segmented>
	<object>
		<name>ball</name>
		<pose>Unspecified</pose>
		<truncated>0</truncated>
		<difficult>0</difficult>
		<bndbox>
			<xmin>186</xmin>
			<ymin>27</ymin>
			<xmax>220</xmax>
			<ymax>59</ymax>
		</bndbox>
	</object>
	<object>
		<name>player</name>
		<pose>Unspecified</pose>
		<truncated>0</truncated>
		<difficult>0</difficult>
		<bndbox>
			<xmin>136</xmin>
			<ymin>57</ymin>
			<xmax>187</xmax>
			<ymax>231</ymax>
		</bndbox>
	</object>
</annotation>
