<annotation>
	<folder>Ahmed</folder>
	<filename>img148 res.jpg</filename>
	<path>C:/Users/Dell/Desktop/Ahmed/img148 res.jpg</path>
	<source>
		<database>Unknown</database>
	</source>
	<size>
		<width>320</width>
		<height>240</height>
		<depth>3</depth>
	</size>
	<segmented>0</segmented>
	<object>
		<name>ball</name>
		<pose>Unspecified</pose>
		<truncated>0</truncated>
		<difficult>0</difficult>
		<bndbox>
			<xmin>129</xmin>
			<ymin>32</ymin>
			<xmax>173</xmax>
			<ymax>60</ymax>
		</bndbox>
	</object>
	<object>
		<name>player</name>
		<pose>Unspecified</pose>
		<truncated>0</truncated>
		<difficult>0</difficult>
		<bndbox>
			<xmin>131</xmin>
			<ymin>72</ymin>
			<xmax>291</xmax>
			<ymax>230</ymax>
		</bndbox>
	</object>
	<object>
		<name>player</name>
		<pose>Unspecified</pose>
		<truncated>0</truncated>
		<difficult>0</difficult>
		<bndbox>
			<xmin>58</xmin>
			<ymin>176</ymin>
			<xmax>129</xmax>
			<ymax>239</ymax>
		</bndbox>
	</object>
</annotation>
