<annotation>
	<folder>Ahmed</folder>
	<filename>img130 res.jpg</filename>
	<path>C:/Users/Dell/Desktop/Ahmed/img130 res.jpg</path>
	<source>
		<database>Unknown</database>
	</source>
	<size>
		<width>320</width>
		<height>240</height>
		<depth>3</depth>
	</size>
	<segmented>0</segmented>
	<object>
		<name>ball</name>
		<pose>Unspecified</pose>
		<truncated>0</truncated>
		<difficult>0</difficult>
		<bndbox>
			<xmin>177</xmin>
			<ymin>21</ymin>
			<xmax>223</xmax>
			<ymax>77</ymax>
		</bndbox>
	</object>
	<object>
		<name>player</name>
		<pose>Unspecified</pose>
		<truncated>0</truncated>
		<difficult>0</difficult>
		<bndbox>
			<xmin>101</xmin>
			<ymin>65</ymin>
			<xmax>177</xmax>
			<ymax>235</ymax>
		</bndbox>
	</object>
</annotation>
