<annotation>
	<folder>Ahmed</folder>
	<filename>img160 res.jpg</filename>
	<path>C:/Users/Dell/Desktop/Ahmed/img160 res.jpg</path>
	<source>
		<database>Unknown</database>
	</source>
	<size>
		<width>320</width>
		<height>240</height>
		<depth>3</depth>
	</size>
	<segmented>0</segmented>
	<object>
		<name>ball</name>
		<pose>Unspecified</pose>
		<truncated>0</truncated>
		<difficult>0</difficult>
		<bndbox>
			<xmin>141</xmin>
			<ymin>23</ymin>
			<xmax>183</xmax>
			<ymax>65</ymax>
		</bndbox>
	</object>
	<object>
		<name>player</name>
		<pose>Unspecified</pose>
		<truncated>0</truncated>
		<difficult>0</difficult>
		<bndbox>
			<xmin>130</xmin>
			<ymin>60</ymin>
			<xmax>193</xmax>
			<ymax>234</ymax>
		</bndbox>
	</object>
</annotation>
