<annotation>
	<folder>Ahmed</folder>
	<filename>img116 res.jpg</filename>
	<path>C:/Users/Dell/Desktop/Ahmed/img116 res.jpg</path>
	<source>
		<database>Unknown</database>
	</source>
	<size>
		<width>320</width>
		<height>240</height>
		<depth>3</depth>
	</size>
	<segmented>0</segmented>
	<object>
		<name>ball</name>
		<pose>Unspecified</pose>
		<truncated>0</truncated>
		<difficult>0</difficult>
		<bndbox>
			<xmin>33</xmin>
			<ymin>14</ymin>
			<xmax>97</xmax>
			<ymax>42</ymax>
		</bndbox>
	</object>
	<object>
		<name>player</name>
		<pose>Unspecified</pose>
		<truncated>0</truncated>
		<difficult>0</difficult>
		<bndbox>
			<xmin>46</xmin>
			<ymin>37</ymin>
			<xmax>145</xmax>
			<ymax>222</ymax>
		</bndbox>
	</object>
	<object>
		<name>player</name>
		<pose>Unspecified</pose>
		<truncated>0</truncated>
		<difficult>0</difficult>
		<bndbox>
			<xmin>164</xmin>
			<ymin>35</ymin>
			<xmax>266</xmax>
			<ymax>234</ymax>
		</bndbox>
	</object>
</annotation>
