<annotation>
	<folder>Ahmed</folder>
	<filename>img143 res.jpg</filename>
	<path>C:/Users/Dell/Desktop/Ahmed/img143 res.jpg</path>
	<source>
		<database>Unknown</database>
	</source>
	<size>
		<width>320</width>
		<height>240</height>
		<depth>3</depth>
	</size>
	<segmented>0</segmented>
	<object>
		<name>ball</name>
		<pose>Unspecified</pose>
		<truncated>0</truncated>
		<difficult>0</difficult>
		<bndbox>
			<xmin>15</xmin>
			<ymin>10</ymin>
			<xmax>59</xmax>
			<ymax>67</ymax>
		</bndbox>
	</object>
	<object>
		<name>player</name>
		<pose>Unspecified</pose>
		<truncated>0</truncated>
		<difficult>0</difficult>
		<bndbox>
			<xmin>67</xmin>
			<ymin>108</ymin>
			<xmax>197</xmax>
			<ymax>237</ymax>
		</bndbox>
	</object>
</annotation>
