<annotation>
	<folder>Ahmed</folder>
	<filename>img179 res.jpg</filename>
	<path>C:/Users/Dell/Desktop/Ahmed/img179 res.jpg</path>
	<source>
		<database>Unknown</database>
	</source>
	<size>
		<width>320</width>
		<height>240</height>
		<depth>3</depth>
	</size>
	<segmented>0</segmented>
	<object>
		<name>player</name>
		<pose>Unspecified</pose>
		<truncated>0</truncated>
		<difficult>0</difficult>
		<bndbox>
			<xmin>117</xmin>
			<ymin>31</ymin>
			<xmax>191</xmax>
			<ymax>189</ymax>
		</bndbox>
	</object>
	<object>
		<name>player</name>
		<pose>Unspecified</pose>
		<truncated>0</truncated>
		<difficult>0</difficult>
		<bndbox>
			<xmin>193</xmin>
			<ymin>27</ymin>
			<xmax>303</xmax>
			<ymax>183</ymax>
		</bndbox>
	</object>
	<object>
		<name>ball</name>
		<pose>Unspecified</pose>
		<truncated>0</truncated>
		<difficult>0</difficult>
		<bndbox>
			<xmin>81</xmin>
			<ymin>78</ymin>
			<xmax>122</xmax>
			<ymax>108</ymax>
		</bndbox>
	</object>
</annotation>
