<annotation>
	<folder>Ahmed</folder>
	<filename>img139 res.jpg</filename>
	<path>C:/Users/Dell/Desktop/Ahmed/img139 res.jpg</path>
	<source>
		<database>Unknown</database>
	</source>
	<size>
		<width>320</width>
		<height>240</height>
		<depth>3</depth>
	</size>
	<segmented>0</segmented>
	<object>
		<name>ball</name>
		<pose>Unspecified</pose>
		<truncated>0</truncated>
		<difficult>0</difficult>
		<bndbox>
			<xmin>148</xmin>
			<ymin>5</ymin>
			<xmax>179</xmax>
			<ymax>42</ymax>
		</bndbox>
	</object>
	<object>
		<name>player</name>
		<pose>Unspecified</pose>
		<truncated>0</truncated>
		<difficult>0</difficult>
		<bndbox>
			<xmin>140</xmin>
			<ymin>28</ymin>
			<xmax>203</xmax>
			<ymax>229</ymax>
		</bndbox>
	</object>
</annotation>
