<annotation>
	<folder>Ahmed</folder>
	<filename>img159 res.jpg</filename>
	<path>C:/Users/Dell/Desktop/Ahmed/img159 res.jpg</path>
	<source>
		<database>Unknown</database>
	</source>
	<size>
		<width>320</width>
		<height>240</height>
		<depth>3</depth>
	</size>
	<segmented>0</segmented>
	<object>
		<name>ball</name>
		<pose>Unspecified</pose>
		<truncated>0</truncated>
		<difficult>0</difficult>
		<bndbox>
			<xmin>70</xmin>
			<ymin>77</ymin>
			<xmax>99</xmax>
			<ymax>107</ymax>
		</bndbox>
	</object>
	<object>
		<name>player</name>
		<pose>Unspecified</pose>
		<truncated>0</truncated>
		<difficult>0</difficult>
		<bndbox>
			<xmin>91</xmin>
			<ymin>20</ymin>
			<xmax>149</xmax>
			<ymax>212</ymax>
		</bndbox>
	</object>
	<object>
		<name>player</name>
		<pose>Unspecified</pose>
		<truncated>0</truncated>
		<difficult>0</difficult>
		<bndbox>
			<xmin>181</xmin>
			<ymin>9</ymin>
			<xmax>251</xmax>
			<ymax>223</ymax>
		</bndbox>
	</object>
</annotation>
