<annotation>
	<folder>Ahmed</folder>
	<filename>img138 res.jpg</filename>
	<path>C:/Users/Dell/Desktop/Ahmed/img138 res.jpg</path>
	<source>
		<database>Unknown</database>
	</source>
	<size>
		<width>320</width>
		<height>240</height>
		<depth>3</depth>
	</size>
	<segmented>0</segmented>
	<object>
		<name>ball</name>
		<pose>Unspecified</pose>
		<truncated>0</truncated>
		<difficult>0</difficult>
		<bndbox>
			<xmin>230</xmin>
			<ymin>21</ymin>
			<xmax>289</xmax>
			<ymax>84</ymax>
		</bndbox>
	</object>
	<object>
		<name>player</name>
		<pose>Unspecified</pose>
		<truncated>0</truncated>
		<difficult>0</difficult>
		<bndbox>
			<xmin>57</xmin>
			<ymin>61</ymin>
			<xmax>167</xmax>
			<ymax>234</ymax>
		</bndbox>
	</object>
</annotation>
