<annotation>
	<folder>Ahmed</folder>
	<filename>img181 res.jpg</filename>
	<path>C:/Users/Dell/Desktop/Ahmed/img181 res.jpg</path>
	<source>
		<database>Unknown</database>
	</source>
	<size>
		<width>320</width>
		<height>240</height>
		<depth>3</depth>
	</size>
	<segmented>0</segmented>
	<object>
		<name>ball</name>
		<pose>Unspecified</pose>
		<truncated>0</truncated>
		<difficult>0</difficult>
		<bndbox>
			<xmin>222</xmin>
			<ymin>148</ymin>
			<xmax>311</xmax>
			<ymax>195</ymax>
		</bndbox>
	</object>
	<object>
		<name>player</name>
		<pose>Unspecified</pose>
		<truncated>0</truncated>
		<difficult>0</difficult>
		<bndbox>
			<xmin>57</xmin>
			<ymin>14</ymin>
			<xmax>243</xmax>
			<ymax>236</ymax>
		</bndbox>
	</object>
</annotation>
