<annotation>
	<folder>Ahmed</folder>
	<filename>img153 res.jpg</filename>
	<path>C:/Users/Dell/Desktop/Ahmed/img153 res.jpg</path>
	<source>
		<database>Unknown</database>
	</source>
	<size>
		<width>320</width>
		<height>240</height>
		<depth>3</depth>
	</size>
	<segmented>0</segmented>
	<object>
		<name>ball</name>
		<pose>Unspecified</pose>
		<truncated>0</truncated>
		<difficult>0</difficult>
		<bndbox>
			<xmin>108</xmin>
			<ymin>137</ymin>
			<xmax>149</xmax>
			<ymax>191</ymax>
		</bndbox>
	</object>
	<object>
		<name>player</name>
		<pose>Unspecified</pose>
		<truncated>0</truncated>
		<difficult>0</difficult>
		<bndbox>
			<xmin>122</xmin>
			<ymin>8</ymin>
			<xmax>215</xmax>
			<ymax>233</ymax>
		</bndbox>
	</object>
</annotation>
