<annotation>
	<folder>Ahmed</folder>
	<filename>img131 res.jpg</filename>
	<path>C:/Users/Dell/Desktop/Ahmed/img131 res.jpg</path>
	<source>
		<database>Unknown</database>
	</source>
	<size>
		<width>320</width>
		<height>240</height>
		<depth>3</depth>
	</size>
	<segmented>0</segmented>
	<object>
		<name>ball</name>
		<pose>Unspecified</pose>
		<truncated>0</truncated>
		<difficult>0</difficult>
		<bndbox>
			<xmin>132</xmin>
			<ymin>139</ymin>
			<xmax>195</xmax>
			<ymax>186</ymax>
		</bndbox>
	</object>
	<object>
		<name>player</name>
		<pose>Unspecified</pose>
		<truncated>0</truncated>
		<difficult>0</difficult>
		<bndbox>
			<xmin>119</xmin>
			<ymin>38</ymin>
			<xmax>232</xmax>
			<ymax>216</ymax>
		</bndbox>
	</object>
	<object>
		<name>player</name>
		<pose>Unspecified</pose>
		<truncated>0</truncated>
		<difficult>0</difficult>
		<bndbox>
			<xmin>245</xmin>
			<ymin>45</ymin>
			<xmax>318</xmax>
			<ymax>236</ymax>
		</bndbox>
	</object>
</annotation>
