<annotation>
	<folder>Ahmed</folder>
	<filename>img100 res.jpg</filename>
	<path>C:/Users/Dell/Desktop/Ahmed/img100 res.jpg</path>
	<source>
		<database>Unknown</database>
	</source>
	<size>
		<width>320</width>
		<height>240</height>
		<depth>3</depth>
	</size>
	<segmented>0</segmented>
	<object>
		<name>ball</name>
		<pose>Unspecified</pose>
		<truncated>0</truncated>
		<difficult>0</difficult>
		<bndbox>
			<xmin>258</xmin>
			<ymin>114</ymin>
			<xmax>299</xmax>
			<ymax>153</ymax>
		</bndbox>
	</object>
	<object>
		<name>player</name>
		<pose>Unspecified</pose>
		<truncated>0</truncated>
		<difficult>0</difficult>
		<bndbox>
			<xmin>55</xmin>
			<ymin>103</ymin>
			<xmax>138</xmax>
			<ymax>233</ymax>
		</bndbox>
	</object>
	<object>
		<name>player</name>
		<pose>Unspecified</pose>
		<truncated>0</truncated>
		<difficult>0</difficult>
		<bndbox>
			<xmin>132</xmin>
			<ymin>116</ymin>
			<xmax>194</xmax>
			<ymax>236</ymax>
		</bndbox>
	</object>
</annotation>
