<annotation>
	<folder>Ahmed</folder>
	<filename>img128 res.jpg</filename>
	<path>C:/Users/Dell/Desktop/Ahmed/img128 res.jpg</path>
	<source>
		<database>Unknown</database>
	</source>
	<size>
		<width>320</width>
		<height>240</height>
		<depth>3</depth>
	</size>
	<segmented>0</segmented>
	<object>
		<name>ball</name>
		<pose>Unspecified</pose>
		<truncated>0</truncated>
		<difficult>0</difficult>
		<bndbox>
			<xmin>157</xmin>
			<ymin>78</ymin>
			<xmax>192</xmax>
			<ymax>115</ymax>
		</bndbox>
	</object>
	<object>
		<name>player</name>
		<pose>Unspecified</pose>
		<truncated>0</truncated>
		<difficult>0</difficult>
		<bndbox>
			<xmin>36</xmin>
			<ymin>48</ymin>
			<xmax>121</xmax>
			<ymax>231</ymax>
		</bndbox>
	</object>
</annotation>
