<annotation>
	<folder>Ahmed</folder>
	<filename>img132 res.jpg</filename>
	<path>C:/Users/Dell/Desktop/Ahmed/img132 res.jpg</path>
	<source>
		<database>Unknown</database>
	</source>
	<size>
		<width>320</width>
		<height>240</height>
		<depth>3</depth>
	</size>
	<segmented>0</segmented>
	<object>
		<name>ball</name>
		<pose>Unspecified</pose>
		<truncated>0</truncated>
		<difficult>0</difficult>
		<bndbox>
			<xmin>29</xmin>
			<ymin>77</ymin>
			<xmax>73</xmax>
			<ymax>124</ymax>
		</bndbox>
	</object>
	<object>
		<name>player</name>
		<pose>Unspecified</pose>
		<truncated>0</truncated>
		<difficult>0</difficult>
		<bndbox>
			<xmin>94</xmin>
			<ymin>17</ymin>
			<xmax>188</xmax>
			<ymax>233</ymax>
		</bndbox>
	</object>
	<object>
		<name>player</name>
		<pose>Unspecified</pose>
		<truncated>0</truncated>
		<difficult>0</difficult>
		<bndbox>
			<xmin>172</xmin>
			<ymin>7</ymin>
			<xmax>283</xmax>
			<ymax>229</ymax>
		</bndbox>
	</object>
</annotation>
