<annotation>
	<folder>Ahmed</folder>
	<filename>img112 res.jpg</filename>
	<path>C:/Users/Dell/Desktop/Ahmed/img112 res.jpg</path>
	<source>
		<database>Unknown</database>
	</source>
	<size>
		<width>320</width>
		<height>240</height>
		<depth>3</depth>
	</size>
	<segmented>0</segmented>
	<object>
		<name>player</name>
		<pose>Unspecified</pose>
		<truncated>0</truncated>
		<difficult>0</difficult>
		<bndbox>
			<xmin>138</xmin>
			<ymin>52</ymin>
			<xmax>207</xmax>
			<ymax>232</ymax>
		</bndbox>
	</object>
	<object>
		<name>ball</name>
		<pose>Unspecified</pose>
		<truncated>0</truncated>
		<difficult>0</difficult>
		<bndbox>
			<xmin>70</xmin>
			<ymin>10</ymin>
			<xmax>106</xmax>
			<ymax>47</ymax>
		</bndbox>
	</object>
</annotation>
