<annotation>
	<folder>Ahmed</folder>
	<filename>img157 res.jpg</filename>
	<path>C:/Users/Dell/Desktop/Ahmed/img157 res.jpg</path>
	<source>
		<database>Unknown</database>
	</source>
	<size>
		<width>320</width>
		<height>240</height>
		<depth>3</depth>
	</size>
	<segmented>0</segmented>
	<object>
		<name>player</name>
		<pose>Unspecified</pose>
		<truncated>0</truncated>
		<difficult>0</difficult>
		<bndbox>
			<xmin>3</xmin>
			<ymin>51</ymin>
			<xmax>77</xmax>
			<ymax>197</ymax>
		</bndbox>
	</object>
	<object>
		<name>player</name>
		<pose>Unspecified</pose>
		<truncated>0</truncated>
		<difficult>0</difficult>
		<bndbox>
			<xmin>114</xmin>
			<ymin>40</ymin>
			<xmax>252</xmax>
			<ymax>161</ymax>
		</bndbox>
	</object>
</annotation>
