<annotation>
	<folder>Ahmed</folder>
	<filename>img199 res.jpg</filename>
	<path>C:/Users/Dell/Desktop/Ahmed/img199 res.jpg</path>
	<source>
		<database>Unknown</database>
	</source>
	<size>
		<width>320</width>
		<height>240</height>
		<depth>3</depth>
	</size>
	<segmented>0</segmented>
	<object>
		<name>ball</name>
		<pose>Unspecified</pose>
		<truncated>0</truncated>
		<difficult>0</difficult>
		<bndbox>
			<xmin>48</xmin>
			<ymin>188</ymin>
			<xmax>98</xmax>
			<ymax>208</ymax>
		</bndbox>
	</object>
	<object>
		<name>player</name>
		<pose>Unspecified</pose>
		<truncated>0</truncated>
		<difficult>0</difficult>
		<bndbox>
			<xmin>70</xmin>
			<ymin>58</ymin>
			<xmax>195</xmax>
			<ymax>206</ymax>
		</bndbox>
	</object>
</annotation>
