<annotation>
	<folder>Ahmed</folder>
	<filename>img163 res.jpg</filename>
	<path>C:/Users/Dell/Desktop/Ahmed/img163 res.jpg</path>
	<source>
		<database>Unknown</database>
	</source>
	<size>
		<width>320</width>
		<height>240</height>
		<depth>3</depth>
	</size>
	<segmented>0</segmented>
	<object>
		<name>ball</name>
		<pose>Unspecified</pose>
		<truncated>0</truncated>
		<difficult>0</difficult>
		<bndbox>
			<xmin>74</xmin>
			<ymin>2</ymin>
			<xmax>121</xmax>
			<ymax>29</ymax>
		</bndbox>
	</object>
	<object>
		<name>player</name>
		<pose>Unspecified</pose>
		<truncated>0</truncated>
		<difficult>0</difficult>
		<bndbox>
			<xmin>84</xmin>
			<ymin>23</ymin>
			<xmax>193</xmax>
			<ymax>212</ymax>
		</bndbox>
	</object>
</annotation>
