<annotation>
	<folder>Ahmed</folder>
	<filename>img196 res.jpg</filename>
	<path>C:/Users/Dell/Desktop/Ahmed/img196 res.jpg</path>
	<source>
		<database>Unknown</database>
	</source>
	<size>
		<width>320</width>
		<height>240</height>
		<depth>3</depth>
	</size>
	<segmented>0</segmented>
	<object>
		<name>ball</name>
		<pose>Unspecified</pose>
		<truncated>0</truncated>
		<difficult>0</difficult>
		<bndbox>
			<xmin>23</xmin>
			<ymin>17</ymin>
			<xmax>128</xmax>
			<ymax>141</ymax>
		</bndbox>
	</object>
	<object>
		<name>player</name>
		<pose>Unspecified</pose>
		<truncated>0</truncated>
		<difficult>0</difficult>
		<bndbox>
			<xmin>154</xmin>
			<ymin>4</ymin>
			<xmax>298</xmax>
			<ymax>238</ymax>
		</bndbox>
	</object>
</annotation>
