<annotation>
	<folder>Ahmed</folder>
	<filename>img168 res.jpg</filename>
	<path>C:/Users/Dell/Desktop/Ahmed/img168 res.jpg</path>
	<source>
		<database>Unknown</database>
	</source>
	<size>
		<width>320</width>
		<height>240</height>
		<depth>3</depth>
	</size>
	<segmented>0</segmented>
	<object>
		<name>ball</name>
		<pose>Unspecified</pose>
		<truncated>0</truncated>
		<difficult>0</difficult>
		<bndbox>
			<xmin>202</xmin>
			<ymin>56</ymin>
			<xmax>240</xmax>
			<ymax>100</ymax>
		</bndbox>
	</object>
	<object>
		<name>player</name>
		<pose>Unspecified</pose>
		<truncated>0</truncated>
		<difficult>0</difficult>
		<bndbox>
			<xmin>100</xmin>
			<ymin>2</ymin>
			<xmax>210</xmax>
			<ymax>235</ymax>
		</bndbox>
	</object>
</annotation>
