<annotation>
	<folder>Ahmed</folder>
	<filename>img125 res.jpg</filename>
	<path>C:/Users/Dell/Desktop/Ahmed/img125 res.jpg</path>
	<source>
		<database>Unknown</database>
	</source>
	<size>
		<width>320</width>
		<height>240</height>
		<depth>3</depth>
	</size>
	<segmented>0</segmented>
	<object>
		<name>ball</name>
		<pose>Unspecified</pose>
		<truncated>0</truncated>
		<difficult>0</difficult>
		<bndbox>
			<xmin>176</xmin>
			<ymin>66</ymin>
			<xmax>209</xmax>
			<ymax>102</ymax>
		</bndbox>
	</object>
	<object>
		<name>player</name>
		<pose>Unspecified</pose>
		<truncated>0</truncated>
		<difficult>0</difficult>
		<bndbox>
			<xmin>79</xmin>
			<ymin>62</ymin>
			<xmax>175</xmax>
			<ymax>233</ymax>
		</bndbox>
	</object>
</annotation>
