<annotation>
	<folder>Ahmed</folder>
	<filename>img136 res.jpg</filename>
	<path>C:/Users/Dell/Desktop/Ahmed/img136 res.jpg</path>
	<source>
		<database>Unknown</database>
	</source>
	<size>
		<width>320</width>
		<height>240</height>
		<depth>3</depth>
	</size>
	<segmented>0</segmented>
	<object>
		<name>ball</name>
		<pose>Unspecified</pose>
		<truncated>0</truncated>
		<difficult>0</difficult>
		<bndbox>
			<xmin>94</xmin>
			<ymin>176</ymin>
			<xmax>116</xmax>
			<ymax>204</ymax>
		</bndbox>
	</object>
	<object>
		<name>player</name>
		<pose>Unspecified</pose>
		<truncated>0</truncated>
		<difficult>0</difficult>
		<bndbox>
			<xmin>126</xmin>
			<ymin>74</ymin>
			<xmax>212</xmax>
			<ymax>235</ymax>
		</bndbox>
	</object>
</annotation>
