<annotation>
	<folder>Ahmed</folder>
	<filename>img14 res.jpg</filename>
	<path>C:/Users/Dell/Desktop/Ahmed/img14 res.jpg</path>
	<source>
		<database>Unknown</database>
	</source>
	<size>
		<width>320</width>
		<height>240</height>
		<depth>3</depth>
	</size>
	<segmented>0</segmented>
	<object>
		<name>player</name>
		<pose>Unspecified</pose>
		<truncated>0</truncated>
		<difficult>0</difficult>
		<bndbox>
			<xmin>114</xmin>
			<ymin>3</ymin>
			<xmax>202</xmax>
			<ymax>202</ymax>
		</bndbox>
	</object>
	<object>
		<name>ball</name>
		<pose>Unspecified</pose>
		<truncated>0</truncated>
		<difficult>0</difficult>
		<bndbox>
			<xmin>66</xmin>
			<ymin>105</ymin>
			<xmax>123</xmax>
			<ymax>142</ymax>
		</bndbox>
	</object>
</annotation>
