<annotation>
	<folder>Ahmed</folder>
	<filename>img110 res.jpg</filename>
	<path>C:/Users/Dell/Desktop/Ahmed/img110 res.jpg</path>
	<source>
		<database>Unknown</database>
	</source>
	<size>
		<width>320</width>
		<height>240</height>
		<depth>3</depth>
	</size>
	<segmented>0</segmented>
	<object>
		<name>ball</name>
		<pose>Unspecified</pose>
		<truncated>0</truncated>
		<difficult>0</difficult>
		<bndbox>
			<xmin>36</xmin>
			<ymin>163</ymin>
			<xmax>123</xmax>
			<ymax>230</ymax>
		</bndbox>
	</object>
	<object>
		<name>player</name>
		<pose>Unspecified</pose>
		<truncated>0</truncated>
		<difficult>0</difficult>
		<bndbox>
			<xmin>128</xmin>
			<ymin>32</ymin>
			<xmax>251</xmax>
			<ymax>221</ymax>
		</bndbox>
	</object>
</annotation>
