<annotation>
	<folder>Ahmed</folder>
	<filename>img174 res.jpg</filename>
	<path>C:/Users/Dell/Desktop/Ahmed/img174 res.jpg</path>
	<source>
		<database>Unknown</database>
	</source>
	<size>
		<width>320</width>
		<height>240</height>
		<depth>3</depth>
	</size>
	<segmented>0</segmented>
	<object>
		<name>ball</name>
		<pose>Unspecified</pose>
		<truncated>0</truncated>
		<difficult>0</difficult>
		<bndbox>
			<xmin>125</xmin>
			<ymin>17</ymin>
			<xmax>178</xmax>
			<ymax>71</ymax>
		</bndbox>
	</object>
	<object>
		<name>player</name>
		<pose>Unspecified</pose>
		<truncated>0</truncated>
		<difficult>0</difficult>
		<bndbox>
			<xmin>103</xmin>
			<ymin>43</ymin>
			<xmax>201</xmax>
			<ymax>233</ymax>
		</bndbox>
	</object>
</annotation>
