<annotation>
	<folder>Ahmed</folder>
	<filename>img113 res.jpg</filename>
	<path>C:/Users/Dell/Desktop/Ahmed/img113 res.jpg</path>
	<source>
		<database>Unknown</database>
	</source>
	<size>
		<width>320</width>
		<height>240</height>
		<depth>3</depth>
	</size>
	<segmented>0</segmented>
	<object>
		<name>ball</name>
		<pose>Unspecified</pose>
		<truncated>0</truncated>
		<difficult>0</difficult>
		<bndbox>
			<xmin>62</xmin>
			<ymin>161</ymin>
			<xmax>106</xmax>
			<ymax>216</ymax>
		</bndbox>
	</object>
	<object>
		<name>player</name>
		<pose>Unspecified</pose>
		<truncated>0</truncated>
		<difficult>0</difficult>
		<bndbox>
			<xmin>93</xmin>
			<ymin>10</ymin>
			<xmax>187</xmax>
			<ymax>230</ymax>
		</bndbox>
	</object>
</annotation>
