<annotation>
	<folder>Ahmed</folder>
	<filename>img164 res.jpg</filename>
	<path>C:/Users/Dell/Desktop/Ahmed/img164 res.jpg</path>
	<source>
		<database>Unknown</database>
	</source>
	<size>
		<width>320</width>
		<height>240</height>
		<depth>3</depth>
	</size>
	<segmented>0</segmented>
	<object>
		<name>ball</name>
		<pose>Unspecified</pose>
		<truncated>0</truncated>
		<difficult>0</difficult>
		<bndbox>
			<xmin>172</xmin>
			<ymin>11</ymin>
			<xmax>238</xmax>
			<ymax>101</ymax>
		</bndbox>
	</object>
	<object>
		<name>player</name>
		<pose>Unspecified</pose>
		<truncated>0</truncated>
		<difficult>0</difficult>
		<bndbox>
			<xmin>80</xmin>
			<ymin>72</ymin>
			<xmax>203</xmax>
			<ymax>235</ymax>
		</bndbox>
	</object>
</annotation>
