<annotation>
	<folder>Remaining image</folder>
	<filename>img262 res.jpg</filename>
	<path>D:/ML Projects/Basket ball project/Remaining image/img262 res.jpg</path>
	<source>
		<database>Unknown</database>
	</source>
	<size>
		<width>320</width>
		<height>240</height>
		<depth>3</depth>
	</size>
	<segmented>0</segmented>
	<object>
		<name>ball</name>
		<pose>Unspecified</pose>
		<truncated>0</truncated>
		<difficult>0</difficult>
		<bndbox>
			<xmin>35</xmin>
			<ymin>189</ymin>
			<xmax>68</xmax>
			<ymax>234</ymax>
		</bndbox>
	</object>
	<object>
		<name>player</name>
		<pose>Unspecified</pose>
		<truncated>1</truncated>
		<difficult>0</difficult>
		<bndbox>
			<xmin>63</xmin>
			<ymin>82</ymin>
			<xmax>180</xmax>
			<ymax>240</ymax>
		</bndbox>
	</object>
	<object>
		<name>player</name>
		<pose>Unspecified</pose>
		<truncated>1</truncated>
		<difficult>0</difficult>
		<bndbox>
			<xmin>206</xmin>
			<ymin>52</ymin>
			<xmax>318</xmax>
			<ymax>240</ymax>
		</bndbox>
	</object>
</annotation>
