<annotation>
	<folder>Remaining image</folder>
	<filename>img285 res.jpg</filename>
	<path>D:/ML Projects/Basket ball project/Remaining image/img285 res.jpg</path>
	<source>
		<database>Unknown</database>
	</source>
	<size>
		<width>320</width>
		<height>240</height>
		<depth>3</depth>
	</size>
	<segmented>0</segmented>
	<object>
		<name>ball</name>
		<pose>Unspecified</pose>
		<truncated>0</truncated>
		<difficult>0</difficult>
		<bndbox>
			<xmin>168</xmin>
			<ymin>80</ymin>
			<xmax>211</xmax>
			<ymax>126</ymax>
		</bndbox>
	</object>
	<object>
		<name>player</name>
		<pose>Unspecified</pose>
		<truncated>0</truncated>
		<difficult>0</difficult>
		<bndbox>
			<xmin>129</xmin>
			<ymin>57</ymin>
			<xmax>184</xmax>
			<ymax>191</ymax>
		</bndbox>
	</object>
	<object>
		<name>player</name>
		<pose>Unspecified</pose>
		<truncated>1</truncated>
		<difficult>0</difficult>
		<bndbox>
			<xmin>186</xmin>
			<ymin>24</ymin>
			<xmax>277</xmax>
			<ymax>240</ymax>
		</bndbox>
	</object>
</annotation>
