<annotation>
	<folder>Remaining image</folder>
	<filename>img284 res.jpg</filename>
	<path>D:/ML Projects/Basket ball project/Remaining image/img284 res.jpg</path>
	<source>
		<database>Unknown</database>
	</source>
	<size>
		<width>320</width>
		<height>240</height>
		<depth>3</depth>
	</size>
	<segmented>0</segmented>
	<object>
		<name>player</name>
		<pose>Unspecified</pose>
		<truncated>1</truncated>
		<difficult>0</difficult>
		<bndbox>
			<xmin>167</xmin>
			<ymin>61</ymin>
			<xmax>255</xmax>
			<ymax>240</ymax>
		</bndbox>
	</object>
	<object>
		<name>player</name>
		<pose>Unspecified</pose>
		<truncated>0</truncated>
		<difficult>0</difficult>
		<bndbox>
			<xmin>89</xmin>
			<ymin>67</ymin>
			<xmax>184</xmax>
			<ymax>214</ymax>
		</bndbox>
	</object>
	<object>
		<name>ball</name>
		<pose>Unspecified</pose>
		<truncated>0</truncated>
		<difficult>0</difficult>
		<bndbox>
			<xmin>142</xmin>
			<ymin>163</ymin>
			<xmax>168</xmax>
			<ymax>190</ymax>
		</bndbox>
	</object>
</annotation>
