<annotation>
	<folder>Remaining image</folder>
	<filename>img280 res.jpg</filename>
	<path>D:/ML Projects/Basket ball project/Remaining image/img280 res.jpg</path>
	<source>
		<database>Unknown</database>
	</source>
	<size>
		<width>320</width>
		<height>240</height>
		<depth>3</depth>
	</size>
	<segmented>0</segmented>
	<object>
		<name>player</name>
		<pose>Unspecified</pose>
		<truncated>0</truncated>
		<difficult>0</difficult>
		<bndbox>
			<xmin>108</xmin>
			<ymin>38</ymin>
			<xmax>201</xmax>
			<ymax>226</ymax>
		</bndbox>
	</object>
	<object>
		<name>player</name>
		<pose>Unspecified</pose>
		<truncated>0</truncated>
		<difficult>0</difficult>
		<bndbox>
			<xmin>195</xmin>
			<ymin>26</ymin>
			<xmax>270</xmax>
			<ymax>188</ymax>
		</bndbox>
	</object>
	<object>
		<name>ball</name>
		<pose>Unspecified</pose>
		<truncated>0</truncated>
		<difficult>0</difficult>
		<bndbox>
			<xmin>59</xmin>
			<ymin>104</ymin>
			<xmax>112</xmax>
			<ymax>140</ymax>
		</bndbox>
	</object>
</annotation>
