<annotation>
	<folder>Remaining image</folder>
	<filename>img275 res.jpg</filename>
	<path>D:/ML Projects/Basket ball project/Remaining image/img275 res.jpg</path>
	<source>
		<database>Unknown</database>
	</source>
	<size>
		<width>320</width>
		<height>240</height>
		<depth>3</depth>
	</size>
	<segmented>0</segmented>
	<object>
		<name>player</name>
		<pose>Unspecified</pose>
		<truncated>0</truncated>
		<difficult>0</difficult>
		<bndbox>
			<xmin>24</xmin>
			<ymin>20</ymin>
			<xmax>172</xmax>
			<ymax>226</ymax>
		</bndbox>
	</object>
	<object>
		<name>ball</name>
		<pose>Unspecified</pose>
		<truncated>0</truncated>
		<difficult>0</difficult>
		<bndbox>
			<xmin>129</xmin>
			<ymin>61</ymin>
			<xmax>176</xmax>
			<ymax>99</ymax>
		</bndbox>
	</object>
</annotation>
