<annotation>
	<folder>Ahmed</folder>
	<filename>img207 res.jpg</filename>
	<path>C:/Users/Dell/Desktop/Ahmed/img207 res.jpg</path>
	<source>
		<database>Unknown</database>
	</source>
	<size>
		<width>320</width>
		<height>240</height>
		<depth>3</depth>
	</size>
	<segmented>0</segmented>
	<object>
		<name>ball</name>
		<pose>Unspecified</pose>
		<truncated>0</truncated>
		<difficult>0</difficult>
		<bndbox>
			<xmin>245</xmin>
			<ymin>69</ymin>
			<xmax>310</xmax>
			<ymax>106</ymax>
		</bndbox>
	</object>
	<object>
		<name>player</name>
		<pose>Unspecified</pose>
		<truncated>0</truncated>
		<difficult>0</difficult>
		<bndbox>
			<xmin>11</xmin>
			<ymin>7</ymin>
			<xmax>206</xmax>
			<ymax>222</ymax>
		</bndbox>
	</object>
</annotation>
