<annotation>
	<folder>Ahmed</folder>
	<filename>img200 res.jpg</filename>
	<path>C:/Users/Dell/Desktop/Ahmed/img200 res.jpg</path>
	<source>
		<database>Unknown</database>
	</source>
	<size>
		<width>320</width>
		<height>240</height>
		<depth>3</depth>
	</size>
	<segmented>0</segmented>
	<object>
		<name>player</name>
		<pose>Unspecified</pose>
		<truncated>0</truncated>
		<difficult>0</difficult>
		<bndbox>
			<xmin>24</xmin>
			<ymin>50</ymin>
			<xmax>123</xmax>
			<ymax>226</ymax>
		</bndbox>
	</object>
	<object>
		<name>player</name>
		<pose>Unspecified</pose>
		<truncated>0</truncated>
		<difficult>0</difficult>
		<bndbox>
			<xmin>82</xmin>
			<ymin>4</ymin>
			<xmax>232</xmax>
			<ymax>234</ymax>
		</bndbox>
	</object>
	<object>
		<name>ball</name>
		<pose>Unspecified</pose>
		<truncated>0</truncated>
		<difficult>0</difficult>
		<bndbox>
			<xmin>268</xmin>
			<ymin>55</ymin>
			<xmax>319</xmax>
			<ymax>137</ymax>
		</bndbox>
	</object>
</annotation>
