<annotation>
	<folder>Remaining image</folder>
	<filename>img288 res.jpg</filename>
	<path>D:/ML Projects/Basket ball project/Remaining image/img288 res.jpg</path>
	<source>
		<database>Unknown</database>
	</source>
	<size>
		<width>320</width>
		<height>240</height>
		<depth>3</depth>
	</size>
	<segmented>0</segmented>
	<object>
		<name>ball</name>
		<pose>Unspecified</pose>
		<truncated>0</truncated>
		<difficult>0</difficult>
		<bndbox>
			<xmin>140</xmin>
			<ymin>4</ymin>
			<xmax>251</xmax>
			<ymax>94</ymax>
		</bndbox>
	</object>
	<object>
		<name>player</name>
		<pose>Unspecified</pose>
		<truncated>0</truncated>
		<difficult>0</difficult>
		<bndbox>
			<xmin>3</xmin>
			<ymin>39</ymin>
			<xmax>317</xmax>
			<ymax>239</ymax>
		</bndbox>
	</object>
</annotation>
