<annotation>
	<folder>Remaining image</folder>
	<filename>img263 res.jpg</filename>
	<path>D:/ML Projects/Basket ball project/Remaining image/img263 res.jpg</path>
	<source>
		<database>Unknown</database>
	</source>
	<size>
		<width>320</width>
		<height>240</height>
		<depth>3</depth>
	</size>
	<segmented>0</segmented>
	<object>
		<name>ball</name>
		<pose>Unspecified</pose>
		<truncated>0</truncated>
		<difficult>0</difficult>
		<bndbox>
			<xmin>56</xmin>
			<ymin>18</ymin>
			<xmax>125</xmax>
			<ymax>71</ymax>
		</bndbox>
	</object>
	<object>
		<name>player</name>
		<pose>Unspecified</pose>
		<truncated>0</truncated>
		<difficult>0</difficult>
		<bndbox>
			<xmin>59</xmin>
			<ymin>8</ymin>
			<xmax>261</xmax>
			<ymax>163</ymax>
		</bndbox>
	</object>
</annotation>
