<annotation>
	<folder>Ahmed</folder>
	<filename>img209 res.jpg</filename>
	<path>C:/Users/Dell/Desktop/Ahmed/img209 res.jpg</path>
	<source>
		<database>Unknown</database>
	</source>
	<size>
		<width>320</width>
		<height>240</height>
		<depth>3</depth>
	</size>
	<segmented>0</segmented>
	<object>
		<name>player</name>
		<pose>Unspecified</pose>
		<truncated>0</truncated>
		<difficult>0</difficult>
		<bndbox>
			<xmin>66</xmin>
			<ymin>153</ymin>
			<xmax>163</xmax>
			<ymax>236</ymax>
		</bndbox>
	</object>
	<object>
		<name>player</name>
		<pose>Unspecified</pose>
		<truncated>0</truncated>
		<difficult>0</difficult>
		<bndbox>
			<xmin>140</xmin>
			<ymin>82</ymin>
			<xmax>266</xmax>
			<ymax>233</ymax>
		</bndbox>
	</object>
</annotation>
