<annotation>
	<folder>Remaining image</folder>
	<filename>img251 res.jpg</filename>
	<path>D:/ML Projects/Basket ball project/Remaining image/img251 res.jpg</path>
	<source>
		<database>Unknown</database>
	</source>
	<size>
		<width>320</width>
		<height>240</height>
		<depth>3</depth>
	</size>
	<segmented>0</segmented>
	<object>
		<name>player</name>
		<pose>Unspecified</pose>
		<truncated>0</truncated>
		<difficult>0</difficult>
		<bndbox>
			<xmin>75</xmin>
			<ymin>51</ymin>
			<xmax>174</xmax>
			<ymax>225</ymax>
		</bndbox>
	</object>
	<object>
		<name>ball</name>
		<pose>Unspecified</pose>
		<truncated>0</truncated>
		<difficult>0</difficult>
		<bndbox>
			<xmin>175</xmin>
			<ymin>178</ymin>
			<xmax>218</xmax>
			<ymax>224</ymax>
		</bndbox>
	</object>
	<object>
		<name>player</name>
		<pose>Unspecified</pose>
		<truncated>1</truncated>
		<difficult>0</difficult>
		<bndbox>
			<xmin>171</xmin>
			<ymin>15</ymin>
			<xmax>320</xmax>
			<ymax>239</ymax>
		</bndbox>
	</object>
</annotation>
