<annotation>
	<folder>Ahmed</folder>
	<filename>img223 res.jpg</filename>
	<path>C:/Users/Dell/Desktop/Ahmed/img223 res.jpg</path>
	<source>
		<database>Unknown</database>
	</source>
	<size>
		<width>320</width>
		<height>240</height>
		<depth>3</depth>
	</size>
	<segmented>0</segmented>
	<object>
		<name>ball</name>
		<pose>Unspecified</pose>
		<truncated>0</truncated>
		<difficult>0</difficult>
		<bndbox>
			<xmin>138</xmin>
			<ymin>17</ymin>
			<xmax>193</xmax>
			<ymax>85</ymax>
		</bndbox>
	</object>
	<object>
		<name>player</name>
		<pose>Unspecified</pose>
		<truncated>0</truncated>
		<difficult>0</difficult>
		<bndbox>
			<xmin>109</xmin>
			<ymin>71</ymin>
			<xmax>218</xmax>
			<ymax>235</ymax>
		</bndbox>
	</object>
</annotation>
