<annotation>
	<folder>Ahmed</folder>
	<filename>img210 res.jpg</filename>
	<path>C:/Users/Dell/Desktop/Ahmed/img210 res.jpg</path>
	<source>
		<database>Unknown</database>
	</source>
	<size>
		<width>320</width>
		<height>240</height>
		<depth>3</depth>
	</size>
	<segmented>0</segmented>
	<object>
		<name>ball</name>
		<pose>Unspecified</pose>
		<truncated>0</truncated>
		<difficult>0</difficult>
		<bndbox>
			<xmin>113</xmin>
			<ymin>114</ymin>
			<xmax>169</xmax>
			<ymax>147</ymax>
		</bndbox>
	</object>
	<object>
		<name>player</name>
		<pose>Unspecified</pose>
		<truncated>0</truncated>
		<difficult>0</difficult>
		<bndbox>
			<xmin>115</xmin>
			<ymin>32</ymin>
			<xmax>306</xmax>
			<ymax>229</ymax>
		</bndbox>
	</object>
</annotation>
