<annotation>
	<folder>Ahmed</folder>
	<filename>img238 res.jpg</filename>
	<path>C:/Users/Dell/Desktop/Ahmed/img238 res.jpg</path>
	<source>
		<database>Unknown</database>
	</source>
	<size>
		<width>320</width>
		<height>240</height>
		<depth>3</depth>
	</size>
	<segmented>0</segmented>
	<object>
		<name>ball</name>
		<pose>Unspecified</pose>
		<truncated>0</truncated>
		<difficult>0</difficult>
		<bndbox>
			<xmin>101</xmin>
			<ymin>2</ymin>
			<xmax>174</xmax>
			<ymax>56</ymax>
		</bndbox>
	</object>
	<object>
		<name>player</name>
		<pose>Unspecified</pose>
		<truncated>0</truncated>
		<difficult>0</difficult>
		<bndbox>
			<xmin>55</xmin>
			<ymin>53</ymin>
			<xmax>205</xmax>
			<ymax>236</ymax>
		</bndbox>
	</object>
</annotation>
