<annotation>
	<folder>Ahmed</folder>
	<filename>img245 res.jpg</filename>
	<path>C:/Users/Dell/Desktop/Ahmed/img245 res.jpg</path>
	<source>
		<database>Unknown</database>
	</source>
	<size>
		<width>320</width>
		<height>240</height>
		<depth>3</depth>
	</size>
	<segmented>0</segmented>
	<object>
		<name>ball</name>
		<pose>Unspecified</pose>
		<truncated>0</truncated>
		<difficult>0</difficult>
		<bndbox>
			<xmin>54</xmin>
			<ymin>80</ymin>
			<xmax>121</xmax>
			<ymax>166</ymax>
		</bndbox>
	</object>
	<object>
		<name>player</name>
		<pose>Unspecified</pose>
		<truncated>0</truncated>
		<difficult>0</difficult>
		<bndbox>
			<xmin>49</xmin>
			<ymin>10</ymin>
			<xmax>173</xmax>
			<ymax>234</ymax>
		</bndbox>
	</object>
	<object>
		<name>player</name>
		<pose>Unspecified</pose>
		<truncated>0</truncated>
		<difficult>0</difficult>
		<bndbox>
			<xmin>179</xmin>
			<ymin>6</ymin>
			<xmax>269</xmax>
			<ymax>233</ymax>
		</bndbox>
	</object>
</annotation>
