<annotation>
	<folder>Remaining image</folder>
	<filename>img268 res.jpg</filename>
	<path>D:/ML Projects/Basket ball project/Remaining image/img268 res.jpg</path>
	<source>
		<database>Unknown</database>
	</source>
	<size>
		<width>320</width>
		<height>240</height>
		<depth>3</depth>
	</size>
	<segmented>0</segmented>
	<object>
		<name>ball</name>
		<pose>Unspecified</pose>
		<truncated>0</truncated>
		<difficult>0</difficult>
		<bndbox>
			<xmin>28</xmin>
			<ymin>78</ymin>
			<xmax>120</xmax>
			<ymax>194</ymax>
		</bndbox>
	</object>
	<object>
		<name>player</name>
		<pose>Unspecified</pose>
		<truncated>1</truncated>
		<difficult>0</difficult>
		<bndbox>
			<xmin>104</xmin>
			<ymin>1</ymin>
			<xmax>283</xmax>
			<ymax>239</ymax>
		</bndbox>
	</object>
</annotation>
