<annotation>
	<folder>Ahmed</folder>
	<filename>img24 res.jpg</filename>
	<path>C:/Users/Dell/Desktop/Ahmed/img24 res.jpg</path>
	<source>
		<database>Unknown</database>
	</source>
	<size>
		<width>320</width>
		<height>240</height>
		<depth>3</depth>
	</size>
	<segmented>0</segmented>
	<object>
		<name>ball</name>
		<pose>Unspecified</pose>
		<truncated>0</truncated>
		<difficult>0</difficult>
		<bndbox>
			<xmin>54</xmin>
			<ymin>141</ymin>
			<xmax>102</xmax>
			<ymax>190</ymax>
		</bndbox>
	</object>
	<object>
		<name>player</name>
		<pose>Unspecified</pose>
		<truncated>0</truncated>
		<difficult>0</difficult>
		<bndbox>
			<xmin>64</xmin>
			<ymin>21</ymin>
			<xmax>148</xmax>
			<ymax>223</ymax>
		</bndbox>
	</object>
	<object>
		<name>player</name>
		<pose>Unspecified</pose>
		<truncated>0</truncated>
		<difficult>0</difficult>
		<bndbox>
			<xmin>173</xmin>
			<ymin>17</ymin>
			<xmax>277</xmax>
			<ymax>224</ymax>
		</bndbox>
	</object>
</annotation>
