<annotation>
	<folder>Ahmed</folder>
	<filename>img213 res.jpg</filename>
	<path>C:/Users/Dell/Desktop/Ahmed/img213 res.jpg</path>
	<source>
		<database>Unknown</database>
	</source>
	<size>
		<width>320</width>
		<height>240</height>
		<depth>3</depth>
	</size>
	<segmented>0</segmented>
	<object>
		<name>ball</name>
		<pose>Unspecified</pose>
		<truncated>0</truncated>
		<difficult>0</difficult>
		<bndbox>
			<xmin>207</xmin>
			<ymin>44</ymin>
			<xmax>253</xmax>
			<ymax>103</ymax>
		</bndbox>
	</object>
	<object>
		<name>player</name>
		<pose>Unspecified</pose>
		<truncated>0</truncated>
		<difficult>0</difficult>
		<bndbox>
			<xmin>135</xmin>
			<ymin>35</ymin>
			<xmax>226</xmax>
			<ymax>237</ymax>
		</bndbox>
	</object>
</annotation>
