<annotation>
	<folder>Remaining image</folder>
	<filename>img257 res.jpg</filename>
	<path>D:/ML Projects/Basket ball project/Remaining image/img257 res.jpg</path>
	<source>
		<database>Unknown</database>
	</source>
	<size>
		<width>320</width>
		<height>240</height>
		<depth>3</depth>
	</size>
	<segmented>0</segmented>
	<object>
		<name>ball</name>
		<pose>Unspecified</pose>
		<truncated>0</truncated>
		<difficult>0</difficult>
		<bndbox>
			<xmin>193</xmin>
			<ymin>5</ymin>
			<xmax>297</xmax>
			<ymax>142</ymax>
		</bndbox>
	</object>
	<object>
		<name>player</name>
		<pose>Unspecified</pose>
		<truncated>1</truncated>
		<difficult>0</difficult>
		<bndbox>
			<xmin>107</xmin>
			<ymin>19</ymin>
			<xmax>314</xmax>
			<ymax>240</ymax>
		</bndbox>
	</object>
</annotation>
