<annotation>
	<folder>Ahmed</folder>
	<filename>img227 res.jpg</filename>
	<path>C:/Users/Dell/Desktop/Ahmed/img227 res.jpg</path>
	<source>
		<database>Unknown</database>
	</source>
	<size>
		<width>320</width>
		<height>240</height>
		<depth>3</depth>
	</size>
	<segmented>0</segmented>
	<object>
		<name>ball</name>
		<pose>Unspecified</pose>
		<truncated>0</truncated>
		<difficult>0</difficult>
		<bndbox>
			<xmin>55</xmin>
			<ymin>6</ymin>
			<xmax>104</xmax>
			<ymax>36</ymax>
		</bndbox>
	</object>
	<object>
		<name>player</name>
		<pose>Unspecified</pose>
		<truncated>0</truncated>
		<difficult>0</difficult>
		<bndbox>
			<xmin>131</xmin>
			<ymin>60</ymin>
			<xmax>247</xmax>
			<ymax>235</ymax>
		</bndbox>
	</object>
</annotation>
