<annotation>
	<folder>Ahmed</folder>
	<filename>img29 res.jpg</filename>
	<path>C:/Users/Dell/Desktop/Ahmed/img29 res.jpg</path>
	<source>
		<database>Unknown</database>
	</source>
	<size>
		<width>320</width>
		<height>240</height>
		<depth>3</depth>
	</size>
	<segmented>0</segmented>
	<object>
		<name>ball</name>
		<pose>Unspecified</pose>
		<truncated>0</truncated>
		<difficult>0</difficult>
		<bndbox>
			<xmin>198</xmin>
			<ymin>18</ymin>
			<xmax>223</xmax>
			<ymax>43</ymax>
		</bndbox>
	</object>
	<object>
		<name>player</name>
		<pose>Unspecified</pose>
		<truncated>0</truncated>
		<difficult>0</difficult>
		<bndbox>
			<xmin>139</xmin>
			<ymin>50</ymin>
			<xmax>210</xmax>
			<ymax>192</ymax>
		</bndbox>
	</object>
</annotation>
