<annotation>
	<folder>Remaining image</folder>
	<filename>img258 res.jpg</filename>
	<path>D:/ML Projects/Basket ball project/Remaining image/img258 res.jpg</path>
	<source>
		<database>Unknown</database>
	</source>
	<size>
		<width>320</width>
		<height>240</height>
		<depth>3</depth>
	</size>
	<segmented>0</segmented>
	<object>
		<name>ball</name>
		<pose>Unspecified</pose>
		<truncated>0</truncated>
		<difficult>0</difficult>
		<bndbox>
			<xmin>135</xmin>
			<ymin>48</ymin>
			<xmax>186</xmax>
			<ymax>109</ymax>
		</bndbox>
	</object>
	<object>
		<name>player</name>
		<pose>Unspecified</pose>
		<truncated>1</truncated>
		<difficult>0</difficult>
		<bndbox>
			<xmin>199</xmin>
			<ymin>30</ymin>
			<xmax>320</xmax>
			<ymax>239</ymax>
		</bndbox>
	</object>
</annotation>
