<annotation>
	<folder>Ahmed</folder>
	<filename>img226 res.jpg</filename>
	<path>C:/Users/Dell/Desktop/Ahmed/img226 res.jpg</path>
	<source>
		<database>Unknown</database>
	</source>
	<size>
		<width>320</width>
		<height>240</height>
		<depth>3</depth>
	</size>
	<segmented>0</segmented>
	<object>
		<name>ball</name>
		<pose>Unspecified</pose>
		<truncated>0</truncated>
		<difficult>0</difficult>
		<bndbox>
			<xmin>80</xmin>
			<ymin>5</ymin>
			<xmax>159</xmax>
			<ymax>76</ymax>
		</bndbox>
	</object>
	<object>
		<name>player</name>
		<pose>Unspecified</pose>
		<truncated>0</truncated>
		<difficult>0</difficult>
		<bndbox>
			<xmin>93</xmin>
			<ymin>43</ymin>
			<xmax>241</xmax>
			<ymax>237</ymax>
		</bndbox>
	</object>
</annotation>
