<annotation>
	<folder>Ahmed</folder>
	<filename>img23 res.jpg</filename>
	<path>C:/Users/Dell/Desktop/Ahmed/img23 res.jpg</path>
	<source>
		<database>Unknown</database>
	</source>
	<size>
		<width>320</width>
		<height>240</height>
		<depth>3</depth>
	</size>
	<segmented>0</segmented>
	<object>
		<name>ball</name>
		<pose>Unspecified</pose>
		<truncated>0</truncated>
		<difficult>0</difficult>
		<bndbox>
			<xmin>128</xmin>
			<ymin>26</ymin>
			<xmax>166</xmax>
			<ymax>48</ymax>
		</bndbox>
	</object>
	<object>
		<name>player</name>
		<pose>Unspecified</pose>
		<truncated>0</truncated>
		<difficult>0</difficult>
		<bndbox>
			<xmin>141</xmin>
			<ymin>76</ymin>
			<xmax>196</xmax>
			<ymax>206</ymax>
		</bndbox>
	</object>
</annotation>
