<annotation>
	<folder>Ahmed</folder>
	<filename>img208 res.jpg</filename>
	<path>C:/Users/Dell/Desktop/Ahmed/img208 res.jpg</path>
	<source>
		<database>Unknown</database>
	</source>
	<size>
		<width>320</width>
		<height>240</height>
		<depth>3</depth>
	</size>
	<segmented>0</segmented>
	<object>
		<name>ball</name>
		<pose>Unspecified</pose>
		<truncated>0</truncated>
		<difficult>0</difficult>
		<bndbox>
			<xmin>157</xmin>
			<ymin>65</ymin>
			<xmax>179</xmax>
			<ymax>118</ymax>
		</bndbox>
	</object>
	<object>
		<name>player</name>
		<pose>Unspecified</pose>
		<truncated>0</truncated>
		<difficult>0</difficult>
		<bndbox>
			<xmin>109</xmin>
			<ymin>2</ymin>
			<xmax>165</xmax>
			<ymax>234</ymax>
		</bndbox>
	</object>
</annotation>
