<annotation>
	<folder>Ahmed</folder>
	<filename>img239 res.jpg</filename>
	<path>C:/Users/Dell/Desktop/Ahmed/img239 res.jpg</path>
	<source>
		<database>Unknown</database>
	</source>
	<size>
		<width>320</width>
		<height>240</height>
		<depth>3</depth>
	</size>
	<segmented>0</segmented>
	<object>
		<name>ball</name>
		<pose>Unspecified</pose>
		<truncated>0</truncated>
		<difficult>0</difficult>
		<bndbox>
			<xmin>140</xmin>
			<ymin>24</ymin>
			<xmax>241</xmax>
			<ymax>149</ymax>
		</bndbox>
	</object>
	<object>
		<name>player</name>
		<pose>Unspecified</pose>
		<truncated>0</truncated>
		<difficult>0</difficult>
		<bndbox>
			<xmin>19</xmin>
			<ymin>24</ymin>
			<xmax>150</xmax>
			<ymax>236</ymax>
		</bndbox>
	</object>
</annotation>
