<annotation>
	<folder>Remaining image</folder>
	<filename>img294 res.jpg</filename>
	<path>D:/ML Projects/Basket ball project/Remaining image/img294 res.jpg</path>
	<source>
		<database>Unknown</database>
	</source>
	<size>
		<width>320</width>
		<height>240</height>
		<depth>3</depth>
	</size>
	<segmented>0</segmented>
	<object>
		<name>ball</name>
		<pose>Unspecified</pose>
		<truncated>0</truncated>
		<difficult>0</difficult>
		<bndbox>
			<xmin>169</xmin>
			<ymin>11</ymin>
			<xmax>233</xmax>
			<ymax>73</ymax>
		</bndbox>
	</object>
	<object>
		<name>player</name>
		<pose>Unspecified</pose>
		<truncated>1</truncated>
		<difficult>0</difficult>
		<bndbox>
			<xmin>82</xmin>
			<ymin>28</ymin>
			<xmax>235</xmax>
			<ymax>240</ymax>
		</bndbox>
	</object>
</annotation>
