<annotation>
	<folder>Remaining image</folder>
	<filename>img286 res.jpg</filename>
	<path>D:/ML Projects/Basket ball project/Remaining image/img286 res.jpg</path>
	<source>
		<database>Unknown</database>
	</source>
	<size>
		<width>320</width>
		<height>240</height>
		<depth>3</depth>
	</size>
	<segmented>0</segmented>
	<object>
		<name>player</name>
		<pose>Unspecified</pose>
		<truncated>0</truncated>
		<difficult>0</difficult>
		<bndbox>
			<xmin>60</xmin>
			<ymin>19</ymin>
			<xmax>148</xmax>
			<ymax>235</ymax>
		</bndbox>
	</object>
	<object>
		<name>ball</name>
		<pose>Unspecified</pose>
		<truncated>0</truncated>
		<difficult>0</difficult>
		<bndbox>
			<xmin>144</xmin>
			<ymin>70</ymin>
			<xmax>178</xmax>
			<ymax>103</ymax>
		</bndbox>
	</object>
</annotation>
