<annotation>
	<folder>Ahmed</folder>
	<filename>img217 res.jpg</filename>
	<path>C:/Users/Dell/Desktop/Ahmed/img217 res.jpg</path>
	<source>
		<database>Unknown</database>
	</source>
	<size>
		<width>320</width>
		<height>240</height>
		<depth>3</depth>
	</size>
	<segmented>0</segmented>
	<object>
		<name>ball</name>
		<pose>Unspecified</pose>
		<truncated>0</truncated>
		<difficult>0</difficult>
		<bndbox>
			<xmin>207</xmin>
			<ymin>10</ymin>
			<xmax>251</xmax>
			<ymax>34</ymax>
		</bndbox>
	</object>
	<object>
		<name>player</name>
		<pose>Unspecified</pose>
		<truncated>0</truncated>
		<difficult>0</difficult>
		<bndbox>
			<xmin>45</xmin>
			<ymin>73</ymin>
			<xmax>151</xmax>
			<ymax>235</ymax>
		</bndbox>
	</object>
	<object>
		<name>player</name>
		<pose>Unspecified</pose>
		<truncated>0</truncated>
		<difficult>0</difficult>
		<bndbox>
			<xmin>184</xmin>
			<ymin>94</ymin>
			<xmax>278</xmax>
			<ymax>236</ymax>
		</bndbox>
	</object>
</annotation>
