<annotation>
	<folder>Remaining image</folder>
	<filename>img309 res.jpg</filename>
	<path>D:/ML Projects/Basket ball project/Remaining image/img309 res.jpg</path>
	<source>
		<database>Unknown</database>
	</source>
	<size>
		<width>320</width>
		<height>240</height>
		<depth>3</depth>
	</size>
	<segmented>0</segmented>
	<object>
		<name>ball</name>
		<pose>Unspecified</pose>
		<truncated>0</truncated>
		<difficult>0</difficult>
		<bndbox>
			<xmin>201</xmin>
			<ymin>167</ymin>
			<xmax>235</xmax>
			<ymax>206</ymax>
		</bndbox>
	</object>
	<object>
		<name>player</name>
		<pose>Unspecified</pose>
		<truncated>1</truncated>
		<difficult>0</difficult>
		<bndbox>
			<xmin>32</xmin>
			<ymin>15</ymin>
			<xmax>148</xmax>
			<ymax>240</ymax>
		</bndbox>
	</object>
	<object>
		<name>player</name>
		<pose>Unspecified</pose>
		<truncated>1</truncated>
		<difficult>0</difficult>
		<bndbox>
			<xmin>157</xmin>
			<ymin>12</ymin>
			<xmax>299</xmax>
			<ymax>240</ymax>
		</bndbox>
	</object>
</annotation>
