<annotation>
	<folder>Ahmed</folder>
	<filename>img366 res.jpg</filename>
	<path>C:/Users/Dell/Desktop/Ahmed/img366 res.jpg</path>
	<source>
		<database>Unknown</database>
	</source>
	<size>
		<width>320</width>
		<height>240</height>
		<depth>3</depth>
	</size>
	<segmented>0</segmented>
	<object>
		<name>ball</name>
		<pose>Unspecified</pose>
		<truncated>0</truncated>
		<difficult>0</difficult>
		<bndbox>
			<xmin>17</xmin>
			<ymin>91</ymin>
			<xmax>66</xmax>
			<ymax>132</ymax>
		</bndbox>
	</object>
	<object>
		<name>player</name>
		<pose>Unspecified</pose>
		<truncated>0</truncated>
		<difficult>0</difficult>
		<bndbox>
			<xmin>74</xmin>
			<ymin>7</ymin>
			<xmax>190</xmax>
			<ymax>218</ymax>
		</bndbox>
	</object>
	<object>
		<name>player</name>
		<pose>Unspecified</pose>
		<truncated>0</truncated>
		<difficult>0</difficult>
		<bndbox>
			<xmin>162</xmin>
			<ymin>14</ymin>
			<xmax>315</xmax>
			<ymax>230</ymax>
		</bndbox>
	</object>
</annotation>
