<annotation>
	<folder>Ahmed</folder>
	<filename>img39 res.jpg</filename>
	<path>C:/Users/Dell/Desktop/Ahmed/img39 res.jpg</path>
	<source>
		<database>Unknown</database>
	</source>
	<size>
		<width>320</width>
		<height>240</height>
		<depth>3</depth>
	</size>
	<segmented>0</segmented>
	<object>
		<name>ball</name>
		<pose>Unspecified</pose>
		<truncated>0</truncated>
		<difficult>0</difficult>
		<bndbox>
			<xmin>159</xmin>
			<ymin>72</ymin>
			<xmax>195</xmax>
			<ymax>116</ymax>
		</bndbox>
	</object>
	<object>
		<name>player</name>
		<pose>Unspecified</pose>
		<truncated>0</truncated>
		<difficult>0</difficult>
		<bndbox>
			<xmin>222</xmin>
			<ymin>51</ymin>
			<xmax>289</xmax>
			<ymax>165</ymax>
		</bndbox>
	</object>
	<object>
		<name>player</name>
		<pose>Unspecified</pose>
		<truncated>0</truncated>
		<difficult>0</difficult>
		<bndbox>
			<xmin>87</xmin>
			<ymin>5</ymin>
			<xmax>166</xmax>
			<ymax>153</ymax>
		</bndbox>
	</object>
</annotation>
