<annotation>
	<folder>Ahmed</folder>
	<filename>img386 res.jpg</filename>
	<path>C:/Users/Dell/Desktop/Ahmed/img386 res.jpg</path>
	<source>
		<database>Unknown</database>
	</source>
	<size>
		<width>320</width>
		<height>240</height>
		<depth>3</depth>
	</size>
	<segmented>0</segmented>
	<object>
		<name>ball</name>
		<pose>Unspecified</pose>
		<truncated>0</truncated>
		<difficult>0</difficult>
		<bndbox>
			<xmin>212</xmin>
			<ymin>148</ymin>
			<xmax>273</xmax>
			<ymax>209</ymax>
		</bndbox>
	</object>
	<object>
		<name>player</name>
		<pose>Unspecified</pose>
		<truncated>0</truncated>
		<difficult>0</difficult>
		<bndbox>
			<xmin>89</xmin>
			<ymin>24</ymin>
			<xmax>213</xmax>
			<ymax>223</ymax>
		</bndbox>
	</object>
</annotation>
