<annotation>
	<folder>Remaining image</folder>
	<filename>img326 res.jpg</filename>
	<path>D:/ML Projects/Basket ball project/Remaining image/img326 res.jpg</path>
	<source>
		<database>Unknown</database>
	</source>
	<size>
		<width>320</width>
		<height>240</height>
		<depth>3</depth>
	</size>
	<segmented>0</segmented>
	<object>
		<name>ball</name>
		<pose>Unspecified</pose>
		<truncated>0</truncated>
		<difficult>0</difficult>
		<bndbox>
			<xmin>45</xmin>
			<ymin>10</ymin>
			<xmax>147</xmax>
			<ymax>112</ymax>
		</bndbox>
	</object>
	<object>
		<name>player</name>
		<pose>Unspecified</pose>
		<truncated>0</truncated>
		<difficult>0</difficult>
		<bndbox>
			<xmin>96</xmin>
			<ymin>35</ymin>
			<xmax>300</xmax>
			<ymax>216</ymax>
		</bndbox>
	</object>
</annotation>
