<annotation>
	<folder>Ahmed</folder>
	<filename>img394 res.jpg</filename>
	<path>C:/Users/Dell/Desktop/Ahmed/img394 res.jpg</path>
	<source>
		<database>Unknown</database>
	</source>
	<size>
		<width>320</width>
		<height>240</height>
		<depth>3</depth>
	</size>
	<segmented>0</segmented>
	<object>
		<name>ball</name>
		<pose>Unspecified</pose>
		<truncated>0</truncated>
		<difficult>0</difficult>
		<bndbox>
			<xmin>70</xmin>
			<ymin>105</ymin>
			<xmax>108</xmax>
			<ymax>144</ymax>
		</bndbox>
	</object>
	<object>
		<name>player</name>
		<pose>Unspecified</pose>
		<truncated>0</truncated>
		<difficult>0</difficult>
		<bndbox>
			<xmin>79</xmin>
			<ymin>13</ymin>
			<xmax>209</xmax>
			<ymax>234</ymax>
		</bndbox>
	</object>
</annotation>
