<annotation>
	<folder>Ahmed</folder>
	<filename>img341 res.jpg</filename>
	<path>C:/Users/Dell/Desktop/Ahmed/img341 res.jpg</path>
	<source>
		<database>Unknown</database>
	</source>
	<size>
		<width>320</width>
		<height>240</height>
		<depth>3</depth>
	</size>
	<segmented>0</segmented>
	<object>
		<name>ball</name>
		<pose>Unspecified</pose>
		<truncated>0</truncated>
		<difficult>0</difficult>
		<bndbox>
			<xmin>107</xmin>
			<ymin>3</ymin>
			<xmax>160</xmax>
			<ymax>34</ymax>
		</bndbox>
	</object>
	<object>
		<name>player</name>
		<pose>Unspecified</pose>
		<truncated>0</truncated>
		<difficult>0</difficult>
		<bndbox>
			<xmin>39</xmin>
			<ymin>24</ymin>
			<xmax>152</xmax>
			<ymax>235</ymax>
		</bndbox>
	</object>
</annotation>
