<annotation>
	<folder>Remaining image</folder>
	<filename>img322 res.jpg</filename>
	<path>D:/ML Projects/Basket ball project/Remaining image/img322 res.jpg</path>
	<source>
		<database>Unknown</database>
	</source>
	<size>
		<width>320</width>
		<height>240</height>
		<depth>3</depth>
	</size>
	<segmented>0</segmented>
	<object>
		<name>ball</name>
		<pose>Unspecified</pose>
		<truncated>0</truncated>
		<difficult>0</difficult>
		<bndbox>
			<xmin>178</xmin>
			<ymin>66</ymin>
			<xmax>211</xmax>
			<ymax>106</ymax>
		</bndbox>
	</object>
	<object>
		<name>player</name>
		<pose>Unspecified</pose>
		<truncated>0</truncated>
		<difficult>0</difficult>
		<bndbox>
			<xmin>97</xmin>
			<ymin>16</ymin>
			<xmax>175</xmax>
			<ymax>191</ymax>
		</bndbox>
	</object>
</annotation>
