<annotation>
	<folder>Ahmed</folder>
	<filename>img367 res.jpg</filename>
	<path>C:/Users/Dell/Desktop/Ahmed/img367 res.jpg</path>
	<source>
		<database>Unknown</database>
	</source>
	<size>
		<width>320</width>
		<height>240</height>
		<depth>3</depth>
	</size>
	<segmented>0</segmented>
	<object>
		<name>ball</name>
		<pose>Unspecified</pose>
		<truncated>0</truncated>
		<difficult>0</difficult>
		<bndbox>
			<xmin>8</xmin>
			<ymin>53</ymin>
			<xmax>116</xmax>
			<ymax>115</ymax>
		</bndbox>
	</object>
	<object>
		<name>player</name>
		<pose>Unspecified</pose>
		<truncated>0</truncated>
		<difficult>0</difficult>
		<bndbox>
			<xmin>96</xmin>
			<ymin>49</ymin>
			<xmax>248</xmax>
			<ymax>234</ymax>
		</bndbox>
	</object>
</annotation>
