<annotation>
	<folder>Ahmed</folder>
	<filename>img368 res.jpg</filename>
	<path>C:/Users/Dell/Desktop/Ahmed/img368 res.jpg</path>
	<source>
		<database>Unknown</database>
	</source>
	<size>
		<width>320</width>
		<height>240</height>
		<depth>3</depth>
	</size>
	<segmented>0</segmented>
	<object>
		<name>ball</name>
		<pose>Unspecified</pose>
		<truncated>0</truncated>
		<difficult>0</difficult>
		<bndbox>
			<xmin>147</xmin>
			<ymin>62</ymin>
			<xmax>167</xmax>
			<ymax>83</ymax>
		</bndbox>
	</object>
	<object>
		<name>player</name>
		<pose>Unspecified</pose>
		<truncated>0</truncated>
		<difficult>0</difficult>
		<bndbox>
			<xmin>82</xmin>
			<ymin>71</ymin>
			<xmax>168</xmax>
			<ymax>204</ymax>
		</bndbox>
	</object>
</annotation>
