<annotation>
	<folder>Ahmed</folder>
	<filename>img352 res.jpg</filename>
	<path>C:/Users/Dell/Desktop/Ahmed/img352 res.jpg</path>
	<source>
		<database>Unknown</database>
	</source>
	<size>
		<width>320</width>
		<height>240</height>
		<depth>3</depth>
	</size>
	<segmented>0</segmented>
	<object>
		<name>ball</name>
		<pose>Unspecified</pose>
		<truncated>0</truncated>
		<difficult>0</difficult>
		<bndbox>
			<xmin>52</xmin>
			<ymin>92</ymin>
			<xmax>102</xmax>
			<ymax>132</ymax>
		</bndbox>
	</object>
	<object>
		<name>player</name>
		<pose>Unspecified</pose>
		<truncated>0</truncated>
		<difficult>0</difficult>
		<bndbox>
			<xmin>19</xmin>
			<ymin>23</ymin>
			<xmax>176</xmax>
			<ymax>211</ymax>
		</bndbox>
	</object>
	<object>
		<name>player</name>
		<pose>Unspecified</pose>
		<truncated>0</truncated>
		<difficult>0</difficult>
		<bndbox>
			<xmin>175</xmin>
			<ymin>25</ymin>
			<xmax>306</xmax>
			<ymax>217</ymax>
		</bndbox>
	</object>
</annotation>
