<annotation>
	<folder>Ahmed</folder>
	<filename>img357 res.jpg</filename>
	<path>C:/Users/Dell/Desktop/Ahmed/img357 res.jpg</path>
	<source>
		<database>Unknown</database>
	</source>
	<size>
		<width>320</width>
		<height>240</height>
		<depth>3</depth>
	</size>
	<segmented>0</segmented>
	<object>
		<name>ball</name>
		<pose>Unspecified</pose>
		<truncated>0</truncated>
		<difficult>0</difficult>
		<bndbox>
			<xmin>229</xmin>
			<ymin>76</ymin>
			<xmax>272</xmax>
			<ymax>107</ymax>
		</bndbox>
	</object>
</annotation>
