<annotation>
	<folder>Ahmed</folder>
	<filename>img31 res.jpg</filename>
	<path>C:/Users/Dell/Desktop/Ahmed/img31 res.jpg</path>
	<source>
		<database>Unknown</database>
	</source>
	<size>
		<width>320</width>
		<height>240</height>
		<depth>3</depth>
	</size>
	<segmented>0</segmented>
	<object>
		<name>ball</name>
		<pose>Unspecified</pose>
		<truncated>0</truncated>
		<difficult>0</difficult>
		<bndbox>
			<xmin>46</xmin>
			<ymin>129</ymin>
			<xmax>99</xmax>
			<ymax>199</ymax>
		</bndbox>
	</object>
	<object>
		<name>player</name>
		<pose>Unspecified</pose>
		<truncated>0</truncated>
		<difficult>0</difficult>
		<bndbox>
			<xmin>156</xmin>
			<ymin>11</ymin>
			<xmax>223</xmax>
			<ymax>237</ymax>
		</bndbox>
	</object>
</annotation>
