<annotation>
	<folder>Ahmed</folder>
	<filename>img383 res.jpg</filename>
	<path>C:/Users/Dell/Desktop/Ahmed/img383 res.jpg</path>
	<source>
		<database>Unknown</database>
	</source>
	<size>
		<width>320</width>
		<height>240</height>
		<depth>3</depth>
	</size>
	<segmented>0</segmented>
	<object>
		<name>ball</name>
		<pose>Unspecified</pose>
		<truncated>0</truncated>
		<difficult>0</difficult>
		<bndbox>
			<xmin>106</xmin>
			<ymin>144</ymin>
			<xmax>136</xmax>
			<ymax>178</ymax>
		</bndbox>
	</object>
	<object>
		<name>player</name>
		<pose>Unspecified</pose>
		<truncated>0</truncated>
		<difficult>0</difficult>
		<bndbox>
			<xmin>91</xmin>
			<ymin>50</ymin>
			<xmax>190</xmax>
			<ymax>211</ymax>
		</bndbox>
	</object>
</annotation>
