<annotation>
	<folder>Ahmed</folder>
	<filename>img34 res.jpg</filename>
	<path>C:/Users/Dell/Desktop/Ahmed/img34 res.jpg</path>
	<source>
		<database>Unknown</database>
	</source>
	<size>
		<width>320</width>
		<height>240</height>
		<depth>3</depth>
	</size>
	<segmented>0</segmented>
	<object>
		<name>player</name>
		<pose>Unspecified</pose>
		<truncated>0</truncated>
		<difficult>0</difficult>
		<bndbox>
			<xmin>78</xmin>
			<ymin>75</ymin>
			<xmax>174</xmax>
			<ymax>235</ymax>
		</bndbox>
	</object>
	<object>
		<name>ball</name>
		<pose>Unspecified</pose>
		<truncated>0</truncated>
		<difficult>0</difficult>
		<bndbox>
			<xmin>169</xmin>
			<ymin>12</ymin>
			<xmax>219</xmax>
			<ymax>65</ymax>
		</bndbox>
	</object>
</annotation>
