<annotation>
	<folder>Ahmed</folder>
	<filename>img371 res.jpg</filename>
	<path>C:/Users/Dell/Desktop/Ahmed/img371 res.jpg</path>
	<source>
		<database>Unknown</database>
	</source>
	<size>
		<width>320</width>
		<height>240</height>
		<depth>3</depth>
	</size>
	<segmented>0</segmented>
	<object>
		<name>ball</name>
		<pose>Unspecified</pose>
		<truncated>0</truncated>
		<difficult>0</difficult>
		<bndbox>
			<xmin>130</xmin>
			<ymin>5</ymin>
			<xmax>254</xmax>
			<ymax>78</ymax>
		</bndbox>
	</object>
	<object>
		<name>player</name>
		<pose>Unspecified</pose>
		<truncated>0</truncated>
		<difficult>0</difficult>
		<bndbox>
			<xmin>50</xmin>
			<ymin>34</ymin>
			<xmax>268</xmax>
			<ymax>234</ymax>
		</bndbox>
	</object>
</annotation>
