<annotation>
	<folder>Ahmed</folder>
	<filename>img360 res.jpg</filename>
	<path>C:/Users/Dell/Desktop/Ahmed/img360 res.jpg</path>
	<source>
		<database>Unknown</database>
	</source>
	<size>
		<width>320</width>
		<height>240</height>
		<depth>3</depth>
	</size>
	<segmented>0</segmented>
	<object>
		<name>ball</name>
		<pose>Unspecified</pose>
		<truncated>0</truncated>
		<difficult>0</difficult>
		<bndbox>
			<xmin>172</xmin>
			<ymin>105</ymin>
			<xmax>228</xmax>
			<ymax>137</ymax>
		</bndbox>
	</object>
	<object>
		<name>player</name>
		<pose>Unspecified</pose>
		<truncated>0</truncated>
		<difficult>0</difficult>
		<bndbox>
			<xmin>80</xmin>
			<ymin>38</ymin>
			<xmax>189</xmax>
			<ymax>228</ymax>
		</bndbox>
	</object>
</annotation>
