<annotation>
	<folder>Ahmed</folder>
	<filename>img355 res.jpg</filename>
	<path>C:/Users/Dell/Desktop/Ahmed/img355 res.jpg</path>
	<source>
		<database>Unknown</database>
	</source>
	<size>
		<width>320</width>
		<height>240</height>
		<depth>3</depth>
	</size>
	<segmented>0</segmented>
	<object>
		<name>ball</name>
		<pose>Unspecified</pose>
		<truncated>0</truncated>
		<difficult>0</difficult>
		<bndbox>
			<xmin>113</xmin>
			<ymin>145</ymin>
			<xmax>157</xmax>
			<ymax>200</ymax>
		</bndbox>
	</object>
	<object>
		<name>player</name>
		<pose>Unspecified</pose>
		<truncated>0</truncated>
		<difficult>0</difficult>
		<bndbox>
			<xmin>113</xmin>
			<ymin>34</ymin>
			<xmax>213</xmax>
			<ymax>230</ymax>
		</bndbox>
	</object>
</annotation>
