<annotation>
	<folder>Ahmed</folder>
	<filename>img374 res.jpg</filename>
	<path>C:/Users/Dell/Desktop/Ahmed/img374 res.jpg</path>
	<source>
		<database>Unknown</database>
	</source>
	<size>
		<width>320</width>
		<height>240</height>
		<depth>3</depth>
	</size>
	<segmented>0</segmented>
	<object>
		<name>ball</name>
		<pose>Unspecified</pose>
		<truncated>0</truncated>
		<difficult>0</difficult>
		<bndbox>
			<xmin>43</xmin>
			<ymin>74</ymin>
			<xmax>76</xmax>
			<ymax>93</ymax>
		</bndbox>
	</object>
	<object>
		<name>player</name>
		<pose>Unspecified</pose>
		<truncated>0</truncated>
		<difficult>0</difficult>
		<bndbox>
			<xmin>104</xmin>
			<ymin>85</ymin>
			<xmax>280</xmax>
			<ymax>219</ymax>
		</bndbox>
	</object>
</annotation>
