<annotation>
	<folder>Remaining image</folder>
	<filename>img338 res.jpg</filename>
	<path>D:/ML Projects/Basket ball project/Remaining image/img338 res.jpg</path>
	<source>
		<database>Unknown</database>
	</source>
	<size>
		<width>320</width>
		<height>240</height>
		<depth>3</depth>
	</size>
	<segmented>0</segmented>
	<object>
		<name>ball</name>
		<pose>Unspecified</pose>
		<truncated>0</truncated>
		<difficult>0</difficult>
		<bndbox>
			<xmin>243</xmin>
			<ymin>102</ymin>
			<xmax>299</xmax>
			<ymax>137</ymax>
		</bndbox>
	</object>
	<object>
		<name>player</name>
		<pose>Unspecified</pose>
		<truncated>0</truncated>
		<difficult>0</difficult>
		<bndbox>
			<xmin>53</xmin>
			<ymin>14</ymin>
			<xmax>260</xmax>
			<ymax>233</ymax>
		</bndbox>
	</object>
</annotation>
