<annotation>
	<folder>Ahmed</folder>
	<filename>img365 res.jpg</filename>
	<path>C:/Users/Dell/Desktop/Ahmed/img365 res.jpg</path>
	<source>
		<database>Unknown</database>
	</source>
	<size>
		<width>320</width>
		<height>240</height>
		<depth>3</depth>
	</size>
	<segmented>0</segmented>
	<object>
		<name>ball</name>
		<pose>Unspecified</pose>
		<truncated>0</truncated>
		<difficult>0</difficult>
		<bndbox>
			<xmin>59</xmin>
			<ymin>61</ymin>
			<xmax>111</xmax>
			<ymax>127</ymax>
		</bndbox>
	</object>
	<object>
		<name>player</name>
		<pose>Unspecified</pose>
		<truncated>0</truncated>
		<difficult>0</difficult>
		<bndbox>
			<xmin>92</xmin>
			<ymin>11</ymin>
			<xmax>242</xmax>
			<ymax>237</ymax>
		</bndbox>
	</object>
</annotation>
