<annotation>
	<folder>Ahmed</folder>
	<filename>img378 res.jpg</filename>
	<path>C:/Users/Dell/Desktop/Ahmed/img378 res.jpg</path>
	<source>
		<database>Unknown</database>
	</source>
	<size>
		<width>320</width>
		<height>240</height>
		<depth>3</depth>
	</size>
	<segmented>0</segmented>
	<object>
		<name>ball</name>
		<pose>Unspecified</pose>
		<truncated>0</truncated>
		<difficult>0</difficult>
		<bndbox>
			<xmin>145</xmin>
			<ymin>80</ymin>
			<xmax>206</xmax>
			<ymax>114</ymax>
		</bndbox>
	</object>
	<object>
		<name>player</name>
		<pose>Unspecified</pose>
		<truncated>0</truncated>
		<difficult>0</difficult>
		<bndbox>
			<xmin>87</xmin>
			<ymin>4</ymin>
			<xmax>277</xmax>
			<ymax>229</ymax>
		</bndbox>
	</object>
</annotation>
