<annotation>
	<folder>Ahmed</folder>
	<filename>img44 res.jpg</filename>
	<path>C:/Users/Dell/Desktop/Ahmed/img44 res.jpg</path>
	<source>
		<database>Unknown</database>
	</source>
	<size>
		<width>320</width>
		<height>240</height>
		<depth>3</depth>
	</size>
	<segmented>0</segmented>
	<object>
		<name>ball</name>
		<pose>Unspecified</pose>
		<truncated>0</truncated>
		<difficult>0</difficult>
		<bndbox>
			<xmin>113</xmin>
			<ymin>3</ymin>
			<xmax>210</xmax>
			<ymax>78</ymax>
		</bndbox>
	</object>
	<object>
		<name>player</name>
		<pose>Unspecified</pose>
		<truncated>0</truncated>
		<difficult>0</difficult>
		<bndbox>
			<xmin>69</xmin>
			<ymin>88</ymin>
			<xmax>259</xmax>
			<ymax>236</ymax>
		</bndbox>
	</object>
</annotation>
