<annotation>
	<folder>Ahmed</folder>
	<filename>img40 res.jpg</filename>
	<path>C:/Users/Dell/Desktop/Ahmed/img40 res.jpg</path>
	<source>
		<database>Unknown</database>
	</source>
	<size>
		<width>320</width>
		<height>240</height>
		<depth>3</depth>
	</size>
	<segmented>0</segmented>
	<object>
		<name>ball</name>
		<pose>Unspecified</pose>
		<truncated>0</truncated>
		<difficult>0</difficult>
		<bndbox>
			<xmin>220</xmin>
			<ymin>3</ymin>
			<xmax>263</xmax>
			<ymax>44</ymax>
		</bndbox>
	</object>
	<object>
		<name>player</name>
		<pose>Unspecified</pose>
		<truncated>0</truncated>
		<difficult>0</difficult>
		<bndbox>
			<xmin>190</xmin>
			<ymin>82</ymin>
			<xmax>255</xmax>
			<ymax>237</ymax>
		</bndbox>
	</object>
</annotation>
