<annotation>
	<folder>Ahmed</folder>
	<filename>img43 res.jpg</filename>
	<path>C:/Users/Dell/Desktop/Ahmed/img43 res.jpg</path>
	<source>
		<database>Unknown</database>
	</source>
	<size>
		<width>320</width>
		<height>240</height>
		<depth>3</depth>
	</size>
	<segmented>0</segmented>
	<object>
		<name>ball</name>
		<pose>Unspecified</pose>
		<truncated>0</truncated>
		<difficult>0</difficult>
		<bndbox>
			<xmin>132</xmin>
			<ymin>10</ymin>
			<xmax>167</xmax>
			<ymax>46</ymax>
		</bndbox>
	</object>
	<object>
		<name>player</name>
		<pose>Unspecified</pose>
		<truncated>0</truncated>
		<difficult>0</difficult>
		<bndbox>
			<xmin>126</xmin>
			<ymin>97</ymin>
			<xmax>189</xmax>
			<ymax>238</ymax>
		</bndbox>
	</object>
</annotation>
