<annotation>
	<folder>Ahmed</folder>
	<filename>img56 res.jpg</filename>
	<path>C:/Users/Dell/Desktop/Ahmed/img56 res.jpg</path>
	<source>
		<database>Unknown</database>
	</source>
	<size>
		<width>320</width>
		<height>240</height>
		<depth>3</depth>
	</size>
	<segmented>0</segmented>
	<object>
		<name>ball</name>
		<pose>Unspecified</pose>
		<truncated>0</truncated>
		<difficult>0</difficult>
		<bndbox>
			<xmin>234</xmin>
			<ymin>117</ymin>
			<xmax>300</xmax>
			<ymax>186</ymax>
		</bndbox>
	</object>
	<object>
		<name>player</name>
		<pose>Unspecified</pose>
		<truncated>0</truncated>
		<difficult>0</difficult>
		<bndbox>
			<xmin>82</xmin>
			<ymin>7</ymin>
			<xmax>224</xmax>
			<ymax>234</ymax>
		</bndbox>
	</object>
</annotation>
