<annotation>
	<folder>Ahmed</folder>
	<filename>img54 res.jpg</filename>
	<path>C:/Users/Dell/Desktop/Ahmed/img54 res.jpg</path>
	<source>
		<database>Unknown</database>
	</source>
	<size>
		<width>320</width>
		<height>240</height>
		<depth>3</depth>
	</size>
	<segmented>0</segmented>
	<object>
		<name>ball</name>
		<pose>Unspecified</pose>
		<truncated>0</truncated>
		<difficult>0</difficult>
		<bndbox>
			<xmin>178</xmin>
			<ymin>2</ymin>
			<xmax>228</xmax>
			<ymax>55</ymax>
		</bndbox>
	</object>
	<object>
		<name>player</name>
		<pose>Unspecified</pose>
		<truncated>0</truncated>
		<difficult>0</difficult>
		<bndbox>
			<xmin>115</xmin>
			<ymin>55</ymin>
			<xmax>208</xmax>
			<ymax>235</ymax>
		</bndbox>
	</object>
</annotation>
