<annotation>
	<folder>Ahmed</folder>
	<filename>img52 res.jpg</filename>
	<path>C:/Users/Dell/Desktop/Ahmed/img52 res.jpg</path>
	<source>
		<database>Unknown</database>
	</source>
	<size>
		<width>320</width>
		<height>240</height>
		<depth>3</depth>
	</size>
	<segmented>0</segmented>
	<object>
		<name>ball</name>
		<pose>Unspecified</pose>
		<truncated>0</truncated>
		<difficult>0</difficult>
		<bndbox>
			<xmin>9</xmin>
			<ymin>71</ymin>
			<xmax>52</xmax>
			<ymax>113</ymax>
		</bndbox>
	</object>
	<object>
		<name>player</name>
		<pose>Unspecified</pose>
		<truncated>0</truncated>
		<difficult>0</difficult>
		<bndbox>
			<xmin>38</xmin>
			<ymin>75</ymin>
			<xmax>134</xmax>
			<ymax>235</ymax>
		</bndbox>
	</object>
	<object>
		<name>player</name>
		<pose>Unspecified</pose>
		<truncated>0</truncated>
		<difficult>0</difficult>
		<bndbox>
			<xmin>129</xmin>
			<ymin>70</ymin>
			<xmax>211</xmax>
			<ymax>235</ymax>
		</bndbox>
	</object>
</annotation>
