<annotation>
	<folder>Ahmed</folder>
	<filename>img62 res.jpg</filename>
	<path>C:/Users/Dell/Desktop/Ahmed/img62 res.jpg</path>
	<source>
		<database>Unknown</database>
	</source>
	<size>
		<width>320</width>
		<height>240</height>
		<depth>3</depth>
	</size>
	<segmented>0</segmented>
	<object>
		<name>ball</name>
		<pose>Unspecified</pose>
		<truncated>0</truncated>
		<difficult>0</difficult>
		<bndbox>
			<xmin>178</xmin>
			<ymin>9</ymin>
			<xmax>206</xmax>
			<ymax>35</ymax>
		</bndbox>
	</object>
	<object>
		<name>player</name>
		<pose>Unspecified</pose>
		<truncated>0</truncated>
		<difficult>0</difficult>
		<bndbox>
			<xmin>45</xmin>
			<ymin>34</ymin>
			<xmax>103</xmax>
			<ymax>227</ymax>
		</bndbox>
	</object>
	<object>
		<name>player</name>
		<pose>Unspecified</pose>
		<truncated>0</truncated>
		<difficult>0</difficult>
		<bndbox>
			<xmin>176</xmin>
			<ymin>30</ymin>
			<xmax>223</xmax>
			<ymax>220</ymax>
		</bndbox>
	</object>
</annotation>
