<annotation>
	<folder>Ahmed</folder>
	<filename>img65 res.jpg</filename>
	<path>C:/Users/Dell/Desktop/Ahmed/img65 res.jpg</path>
	<source>
		<database>Unknown</database>
	</source>
	<size>
		<width>320</width>
		<height>240</height>
		<depth>3</depth>
	</size>
	<segmented>0</segmented>
	<object>
		<name>ball</name>
		<pose>Unspecified</pose>
		<truncated>0</truncated>
		<difficult>0</difficult>
		<bndbox>
			<xmin>41</xmin>
			<ymin>61</ymin>
			<xmax>68</xmax>
			<ymax>92</ymax>
		</bndbox>
	</object>
	<object>
		<name>player</name>
		<pose>Unspecified</pose>
		<truncated>0</truncated>
		<difficult>0</difficult>
		<bndbox>
			<xmin>73</xmin>
			<ymin>14</ymin>
			<xmax>165</xmax>
			<ymax>221</ymax>
		</bndbox>
	</object>
	<object>
		<name>player</name>
		<pose>Unspecified</pose>
		<truncated>0</truncated>
		<difficult>0</difficult>
		<bndbox>
			<xmin>216</xmin>
			<ymin>50</ymin>
			<xmax>314</xmax>
			<ymax>225</ymax>
		</bndbox>
	</object>
</annotation>
