<annotation>
	<folder>Ahmed</folder>
	<filename>img68 res.jpg</filename>
	<path>C:/Users/Dell/Desktop/Ahmed/img68 res.jpg</path>
	<source>
		<database>Unknown</database>
	</source>
	<size>
		<width>320</width>
		<height>240</height>
		<depth>3</depth>
	</size>
	<segmented>0</segmented>
	<object>
		<name>ball</name>
		<pose>Unspecified</pose>
		<truncated>0</truncated>
		<difficult>0</difficult>
		<bndbox>
			<xmin>25</xmin>
			<ymin>54</ymin>
			<xmax>78</xmax>
			<ymax>105</ymax>
		</bndbox>
	</object>
	<object>
		<name>player</name>
		<pose>Unspecified</pose>
		<truncated>0</truncated>
		<difficult>0</difficult>
		<bndbox>
			<xmin>40</xmin>
			<ymin>95</ymin>
			<xmax>123</xmax>
			<ymax>235</ymax>
		</bndbox>
	</object>
	<object>
		<name>player</name>
		<pose>Unspecified</pose>
		<truncated>0</truncated>
		<difficult>0</difficult>
		<bndbox>
			<xmin>137</xmin>
			<ymin>77</ymin>
			<xmax>283</xmax>
			<ymax>233</ymax>
		</bndbox>
	</object>
</annotation>
