<annotation>
	<folder>Ahmed</folder>
	<filename>img79 res.jpg</filename>
	<path>C:/Users/Dell/Desktop/Ahmed/img79 res.jpg</path>
	<source>
		<database>Unknown</database>
	</source>
	<size>
		<width>320</width>
		<height>240</height>
		<depth>3</depth>
	</size>
	<segmented>0</segmented>
	<object>
		<name>ball</name>
		<pose>Unspecified</pose>
		<truncated>0</truncated>
		<difficult>0</difficult>
		<bndbox>
			<xmin>79</xmin>
			<ymin>79</ymin>
			<xmax>119</xmax>
			<ymax>123</ymax>
		</bndbox>
	</object>
	<object>
		<name>player</name>
		<pose>Unspecified</pose>
		<truncated>0</truncated>
		<difficult>0</difficult>
		<bndbox>
			<xmin>116</xmin>
			<ymin>17</ymin>
			<xmax>188</xmax>
			<ymax>232</ymax>
		</bndbox>
	</object>
	<object>
		<name>player</name>
		<pose>Unspecified</pose>
		<truncated>0</truncated>
		<difficult>0</difficult>
		<bndbox>
			<xmin>170</xmin>
			<ymin>13</ymin>
			<xmax>293</xmax>
			<ymax>232</ymax>
		</bndbox>
	</object>
</annotation>
