<annotation>
	<folder>Ahmed</folder>
	<filename>img81 res.jpg</filename>
	<path>C:/Users/Dell/Desktop/Ahmed/img81 res.jpg</path>
	<source>
		<database>Unknown</database>
	</source>
	<size>
		<width>320</width>
		<height>240</height>
		<depth>3</depth>
	</size>
	<segmented>0</segmented>
	<object>
		<name>ball</name>
		<pose>Unspecified</pose>
		<truncated>0</truncated>
		<difficult>0</difficult>
		<bndbox>
			<xmin>148</xmin>
			<ymin>12</ymin>
			<xmax>206</xmax>
			<ymax>87</ymax>
		</bndbox>
	</object>
	<object>
		<name>player</name>
		<pose>Unspecified</pose>
		<truncated>0</truncated>
		<difficult>0</difficult>
		<bndbox>
			<xmin>100</xmin>
			<ymin>85</ymin>
			<xmax>195</xmax>
			<ymax>235</ymax>
		</bndbox>
	</object>
</annotation>
