<annotation>
	<folder>Ahmed</folder>
	<filename>img99 res.jpg</filename>
	<path>C:/Users/Dell/Desktop/Ahmed/img99 res.jpg</path>
	<source>
		<database>Unknown</database>
	</source>
	<size>
		<width>320</width>
		<height>240</height>
		<depth>3</depth>
	</size>
	<segmented>0</segmented>
	<object>
		<name>ball</name>
		<pose>Unspecified</pose>
		<truncated>0</truncated>
		<difficult>0</difficult>
		<bndbox>
			<xmin>116</xmin>
			<ymin>36</ymin>
			<xmax>173</xmax>
			<ymax>79</ymax>
		</bndbox>
	</object>
	<object>
		<name>player</name>
		<pose>Unspecified</pose>
		<truncated>0</truncated>
		<difficult>0</difficult>
		<bndbox>
			<xmin>133</xmin>
			<ymin>36</ymin>
			<xmax>252</xmax>
			<ymax>234</ymax>
		</bndbox>
	</object>
</annotation>
