<annotation>
	<folder>Ahmed</folder>
	<filename>img97 res.jpg</filename>
	<path>C:/Users/Dell/Desktop/Ahmed/img97 res.jpg</path>
	<source>
		<database>Unknown</database>
	</source>
	<size>
		<width>320</width>
		<height>240</height>
		<depth>3</depth>
	</size>
	<segmented>0</segmented>
	<object>
		<name>ball</name>
		<pose>Unspecified</pose>
		<truncated>0</truncated>
		<difficult>0</difficult>
		<bndbox>
			<xmin>8</xmin>
			<ymin>138</ymin>
			<xmax>65</xmax>
			<ymax>195</ymax>
		</bndbox>
	</object>
	<object>
		<name>player</name>
		<pose>Unspecified</pose>
		<truncated>0</truncated>
		<difficult>0</difficult>
		<bndbox>
			<xmin>64</xmin>
			<ymin>21</ymin>
			<xmax>165</xmax>
			<ymax>231</ymax>
		</bndbox>
	</object>
	<object>
		<name>player</name>
		<pose>Unspecified</pose>
		<truncated>0</truncated>
		<difficult>0</difficult>
		<bndbox>
			<xmin>171</xmin>
			<ymin>13</ymin>
			<xmax>298</xmax>
			<ymax>234</ymax>
		</bndbox>
	</object>
</annotation>
